Középszer utca,0,3;2,2,1,-,-,-,-,-,-,-,-
Középszer utca2,0,2;2,1,1,-,-,-,-,-,-,-,-
Középszer utca3,0,2;2,2,4,-,-,-,-,-,-,-,-
Abaúji utca,-,-,-,-,0,1,2,3,3,1.5.;2.2.;3.2.;4.6.;5.4.;6.1.;7.6.;8.3.;9.7.;10.5.;11.2.;12.7.,1,3
Acél utca,-,-,-,-,0,2,1,4,3,1.13.;2.10.;3.10.;4.14.;5.12.;6.9.;7.14.;8.11.;9.8.;10.13.;11.10.;12.8.,2,4
Áchim András utca,-,-,-,-,0,5,2,1,3,1.4.;2.1.;3.1.;4.12.;5.3.;6.7.;7.5.;8.2.;9.6.;10.4.;11.8.;12.6.,1,1
Ács utca,-,-,-,-,0,2,2,1,3,1.4.;2.1.;3.1.;4.12.;5.3.;6.7.;7.5.;8.2.;9.6.;10.4.;11.8.;12.6.,1,1
Adler Károly utca,-,-,-,-,0,5,2,3,3,1.4.;2.1.;3.1.;4.12.;5.3.;6.7.;7.5.;8.2.;9.6.;10.4.;11.8.;12.6.,1,3
Adriányi János utca,-,-,-,-,0,4,2,3,3,1.5.;2.2.;3.2.;4.6.;5.4.;6.1.;7.6.;8.3.;9.7.;10.5.;11.2.;12.7.,1,3
Ady Endre utca,-,-,-,-,0,4,2,4,3,1.7.;2.4.;3.4.;4.1.;5.6.;6.3.;7.1.;8.5.;9.2.;10.7.;11.4.;12.2.,1,4
Aggteleki utca,-,-,-,-,0,5,2,4,3,1.7.;2.4.;3.4.;4.1.;5.6.;6.3.;7.1.;8.5.;9.2.;10.7.;11.4.;12.2.,1,4
Ághegy utca,-,-,-,-,0,4,2,1,3,1.4.;2.1.;3.1.;4.12.;5.3.;6.7.;7.5.;8.2.;9.6.;10.4.;11.8.;12.6.,1,1
Akác út (Lyukóvölgy),-,-,-,-,0,2,1,4,3,1.12.;2.9.;3.9.;4.13.;5.11.;6.15.;7.13.;8.10.;9.14.;10.12.;11.9.;12.14.,2,4
Akácos utca,-,-,-,-,0,5,2,2,3,1.6.;2.3.;3.3.;4.7.;5.5.;6.2.;7.7.;8.4.;9.1.;10.6.;11.3.;12.1.,2,5
Akna utca,-,-,-,-,0,2,1,3,3,1.12.;2.9.;3.9.;4.13.;5.11.;6.15.;7.13.;8.10.;9.14.;10.12.;11.9.;12.14.,2,3
Aknász utca,-,-,-,-,0,1,1,3,3,1.12.;2.9.;3.9.;4.13.;5.11.;6.15.;7.13.;8.10.;9.14.;10.12.;11.9.;12.14.,2,3
Ákos utca,-,-,-,-,0,4,1,2,3,1.8.;2.5.;3.5.;4.9.;5.7.;6.4.;7.2.;8.6.;9.3.;10.1.;11.5.;12.3.,2,2
Alföldi utca,-,-,-,-,0,2,2,2,3,1.6.;2.3.;3.3.;4.7.;5.5.;6.2.;7.7.;8.4.;9.1.;10.6.;11.3.;12.1.,1,2
Alkotmány utca,-,-,-,-,0,1,2,2,3,1.6.;2.3.;3.3.;4.7.;5.5.;6.2.;7.7.;8.4.;9.1.;10.6.;11.3.;12.1.,1,2
Almás utca,-,-,-,-,0,2,1,3,3,1.12.;2.9.;3.9.;4.13.;5.11.;6.15.;7.13.;8.10.;9.14.;10.12.;11.9.;12.14.,2,3
Almáskert utca,-,-,-,-,0,1,2,1,3,1.4.;2.1.;3.1.;4.12.;5.3.;6.7.;7.5.;8.2.;9.6.;10.4.;11.8.;12.6.,1,1
Álmos utca,-,-,-,-,0,4,2,4,3,1.7.;2.4.;3.4.;4.1.;5.6.;6.3.;7.1.;8.5.;9.2.;10.7.;11.4.;12.2.,1,4
Alsó Papirgyár telep,-,-,-,-,0,2,1,1,3,1.8.;2.5.;3.5.;4.9.;5.7.;6.4.;7.2.;8.6.;9.3.;10.1.;11.5.;12.3.,2,1
Alsóruzsin,-,-,-,-,0,3,-,-,-,-,-,-
Alsószinva utca,-,-,-,-,0,2,1,3,3,1.12.;2.9.;3.9.;4.13.;5.11.;6.15.;7.13.;8.10.;9.14.;10.12.;11.9.;12.14.,2,3
Andor utca,-,-,-,-,0,5,1,4,3,1.13.;2.10.;3.10.;4.14.;5.12.;6.9.;7.14.;8.11.;9.8.;10.13.;11.10.;12.8.,2,4
Andrássy utca (páros oldal),-,-,-,-,0,1,1,4,3,1.12.;2.9.;3.9.;4.13.;5.11.;6.15.;7.13.;8.10.;9.14.;10.12.;11.9.;12.14.,2,4
Andrássy utca (páratlan oldal),-,-,-,-,0,2,1,4,3,1.12.;2.9.;3.9.;4.13.;5.11.;6.15.;7.13.;8.10.;9.14.;10.12.;11.9.;12.14.,2,4
Anna utca,-,-,-,-,0,5,2,4,3,1.12.;2.9.;3.9.;4.13.;5.11.;6.15.;7.13.;8.10.;9.14.;10.12.;11.9.;12.14.,1,4
Annabánya telep,-,-,-,-,0,3,1,4,3,1.12.;2.9.;3.9.;4.13.;5.11.;6.15.;7.13.;8.10.;9.14.;10.12.;11.9.;12.14.,2,4
Apáczai Csere János utca,-,-,-,-,0,5,2,3,3,1.4.;2.1.;3.1.;4.12.;5.3.;6.7.;7.5.;8.2.;9.6.;10.4.;11.8.;12.6.,1,3
Apátsági út,-,-,-,-,0,4,2,1,3,1.4.;2.1.;3.1.;4.12.;5.3.;6.7.;7.5.;8.2.;9.6.;10.4.;11.8.;12.6.,1,1
Aradi utca,-,-,-,-,0,4,2,3,3,1.5.;2.2.;3.2.;4.6.;5.4.;6.1.;7.6.;8.3.;9.7.;10.5.;11.2.;12.7.,1,3
Arany János utca,-,-,-,-,0,1,2,4,3,1.7.;2.4.;3.4.;4.1.;5.6.;6.3.;7.1.;8.5.;9.2.;10.7.;11.4.;12.2.,1,4
Aranyeső utca,-,-,-,-,0,5,2,3,3,1.5.;2.2.;3.2.;4.6.;5.4.;6.1.;7.6.;8.3.;9.7.;10.5.;11.2.;12.7.,1,3
Arnóti sor,-,-,-,-,0,2,-,-,-,-,-,-
Árnyas utca,-,-,-,-,0,4,1,1,3,1.8.;2.5.;3.5.;4.9.;5.7.;6.4.;7.2.;8.6.;9.3.;10.1.;11.5.;12.3.,2,1
Árok utca,-,-,-,-,0,2,2,4,3,1.13.;2.10.;3.10.;4.14.;5.12.;6.9.;7.14.;8.11.;9.8.;10.13.;11.10.;12.8.,1,4
Árpád út (páratlan oldal),-,-,-,-,0,2,1,2,3,1.8.;2.5.;3.5.;4.9.;5.7.;6.4.;7.2.;8.6.;9.3.;10.1.;11.5.;12.3.,2,2
Árvácska utca,-,-,-,-,0,5,2,2,3,1.6.;2.3.;3.3.;4.7.;5.5.;6.2.;7.7.;8.4.;9.1.;10.6.;11.3.;12.1.,2,5
Árvíz utca,-,-,-,-,0,1,1,2,3,1.8.;2.5.;3.5.;4.9.;5.7.;6.4.;7.2.;8.6.;9.3.;10.1.;11.5.;12.3.,2,2
Ásító dűlő,-,-,-,-,0,1,2,3,3,1.5.;2.2.;3.2.;4.6.;5.4.;6.1.;7.6.;8.3.;9.7.;10.5.;11.2.;12.7.,1,3
Asztalos utca,-,-,-,-,0,2,2,1,3,1.4.;2.1.;3.1.;4.12.;5.3.;6.7.;7.5.;8.2.;9.6.;10.4.;11.8.;12.6.,1,1
Attila utca,-,-,-,-,0,4,2,4,3,1.13.;2.10.;3.10.;4.14.;5.12.;6.9.;7.14.;8.11.;9.8.;10.13.;11.10.;12.8.,1,4
Aulich Lajos utca,-,-,-,-,0,1,2,3,3,1.4.;2.1.;3.1.;4.12.;5.3.;6.7.;7.5.;8.2.;9.6.;10.4.;11.8.;12.6.,1,3
Avar utca,-,-,-,-,0,4,1,4,3,1.13.;2.10.;3.10.;4.14.;5.12.;6.9.;7.14.;8.11.;9.8.;10.13.;11.10.;12.8.,2,4
Avasalja utca,-,-,-,-,0,2,1,4,3,1.7.;2.4.;3.4.;4.1.;5.6.;6.3.;7.1.;8.5.;9.2.;10.7.;11.4.;12.2.,2,4
Avasalja köz,-,-,-,-,0,3,1,4,3,1.7.;2.4.;3.4.;4.1.;5.6.;6.3.;7.1.;8.5.;9.2.;10.7.;11.4.;12.2.,2,4
Babér utca,-,-,-,-,0,1,2,2,3,1.6.;2.3.;3.3.;4.7.;5.5.;6.2.;7.7.;8.4.;9.1.;10.6.;11.3.;12.1.,1,2
Babits Mihály utca,-,-,-,-,0,5,2,2,3,1.6.;2.3.;3.3.;4.7.;5.5.;6.2.;7.7.;8.4.;9.1.;10.6.;11.3.;12.1.,-,-
Bábonyibérc alsósor,-,-,-,-,0,4,2,4,3,1.13.;2.10.;3.10.;4.14.;5.12.;6.9.;7.14.;8.11.;9.8.;10.13.;11.10.;12.8.,1,4
Bábonyibérc Felső sor,-,-,-,-,0,4,2,4,3,1.13.;2.10.;3.10.;4.14.;5.12.;6.9.;7.14.;8.11.;9.8.;10.13.;11.10.;12.8.,1,4
Bábonyibérc sor,-,-,-,-,0,4,2,4,3,1.13.;2.10.;3.10.;4.14.;5.12.;6.9.;7.14.;8.11.;9.8.;10.13.;11.10.;12.8.,1,4
Bábonyibérc Új telep,-,-,-,-,0,4,2,4,3,1.13.;2.10.;3.10.;4.14.;5.12.;6.9.;7.14.;8.11.;9.8.;10.13.;11.10.;12.8.,1,4
Bacsinszky András utca,-,-,-,-,0,2,2,1,3,1.4.;2.1.;3.1.;4.12.;5.3.;6.7.;7.5.;8.2.;9.6.;10.4.;11.8.;12.6.,1,1
Bádogos utca,-,-,-,-,0,2,2,1,3,1.4.;2.1.;3.1.;4.12.;5.3.;6.7.;7.5.;8.2.;9.6.;10.4.;11.8.;12.6.,1,1
Baghy Gyula utca,-,-,-,-,0,4,2,3,3,1.5.;2.2.;3.2.;4.6.;5.4.;6.1.;7.6.;8.3.;9.7.;10.5.;11.2.;12.7.,1,3
Bagoly utca,-,-,-,-,0,1,2,3,3,1.5.;2.2.;3.2.;4.6.;5.4.;6.1.;7.6.;8.3.;9.7.;10.5.;11.2.;12.7.,1,3
Bajza József utca,-,-,-,-,0,1,2,2,3,1.6.;2.3.;3.3.;4.7.;5.5.;6.2.;7.7.;8.4.;9.1.;10.6.;11.3.;12.1.,1,2
Bakonyi utca,-,-,-,-,0,4,2,3,3,1.5.;2.2.;3.2.;4.6.;5.4.;6.1.;7.6.;8.3.;9.7.;10.5.;11.2.;12.7.,1,3
Balassa utca,-,-,-,-,0,2,2,2,3,1.6.;2.3.;3.3.;4.7.;5.5.;6.2.;7.7.;8.4.;9.1.;10.6.;11.3.;12.1.,1,2
Balassi Bálint utca,-,-,-,-,0,5,2,1,3,1.4.;2.1.;3.1.;4.12.;5.3.;6.7.;7.5.;8.2.;9.6.;10.4.;11.8.;12.6.,1,1
Balaton utca,-,-,-,-,0,1,2,2,3,1.6.;2.3.;3.3.;4.7.;5.5.;6.2.;7.7.;8.4.;9.1.;10.6.;11.3.;12.1.,1,2
Balázsdiák utca,-,-,-,-,0,2,2,4,3,1.13.;2.10.;3.10.;4.14.;5.12.;6.9.;7.14.;8.11.;9.8.;10.13.;11.10.;12.8.,1,4
Ballagi Károly utca,-,-,-,-,0,2,1,3,3,1.12.;2.9.;3.9.;4.13.;5.11.;6.15.;7.13.;8.10.;9.14.;10.12.;11.9.;12.14.,2,3
Balogh Ádám utca,-,-,-,-,0,5,2,3,3,1.4.;2.1.;3.1.;4.12.;5.3.;6.7.;7.5.;8.2.;9.6.;10.4.;11.8.;12.6.,1,3
Bánát utca,-,-,-,-,0,4,1,2,3,1.11.;2.8.;3.8.;4.19.;5.10.;6.14.;7.12.;8.9.;9.13.;10.11.;11.15.;12.13.,2,2
Bandzsalgó utca,-,-,-,-,0,5,2,4,3,1.13.;2.10.;3.10.;4.14.;5.12.;6.9.;7.14.;8.11.;9.8.;10.13.;11.10.;12.8.,1,4
Bánfolyás utca,-,-,-,-,0,4,1,2,3,1.8.;2.5.;3.5.;4.9.;5.7.;6.4.;7.2.;8.6.;9.3.;10.1.;11.5.;12.3.,2,2
Bánki Donát utca,-,-,-,-,0,4,1,2,3,1.8.;2.5.;3.5.;4.9.;5.7.;6.4.;7.2.;8.6.;9.3.;10.1.;11.5.;12.3.,2,2
Bánya utca,-,-,-,-,0,2,1,3,3,1.12.;2.9.;3.9.;4.13.;5.11.;6.15.;7.13.;8.10.;9.14.;10.12.;11.9.;12.14.,2,3
Bányamécs utca,-,-,-,-,0,1,1,3,3,1.12.;2.9.;3.9.;4.13.;5.11.;6.15.;7.13.;8.10.;9.14.;10.12.;11.9.;12.14.,2,3
Barát utca,-,-,-,-,0,5,2,2,3,1.6.;2.3.;3.3.;4.7.;5.5.;6.2.;7.7.;8.4.;9.1.;10.6.;11.3.;12.1.,2,5
Baráthegyalja utca,-,-,-,-,0,4,1,1,3,1.8.;2.5.;3.5.;4.9.;5.7.;6.4.;7.2.;8.6.;9.3.;10.1.;11.5.;12.3.,2,1
Barátság tér,-,-,-,-,0,5,1,3,3,1.12.;2.9.;3.9.;4.13.;5.11.;6.15.;7.13.;8.10.;9.14.;10.12.;11.9.;12.14.,2,3
Bárczay utca,-,-,-,-,0,5,2,1,3,1.4.;2.1.;3.1.;4.12.;5.3.;6.7.;7.5.;8.2.;9.6.;10.4.;11.8.;12.6.,1,1
Barcsay Ábrahám utca,-,-,-,-,0,2,1,4,3,1.12.;2.9.;3.9.;4.13.;5.11.;6.15.;7.13.;8.10.;9.14.;10.12.;11.9.;12.14.,2,4
Barkóczy Ferenc utca,-,-,-,-,0,1,2,2,3,1.6.;2.3.;3.3.;4.7.;5.5.;6.2.;7.7.;8.4.;9.1.;10.6.;11.3.;12.1.,1,2
Barlang utca,-,-,-,-,0,1,2,3,3,1.5.;2.2.;3.2.;4.6.;5.4.;6.1.;7.6.;8.3.;9.7.;10.5.;11.2.;12.7.,1,3
Baross Gábor út,-,-,-,-,0,5,2,4,3,1.7.;2.4.;3.4.;4.1.;5.6.;6.3.;7.1.;8.5.;9.2.;10.7.;11.4.;12.2.,1,4
Bártfai utca,-,-,-,-,0,1,2,3,3,1.5.;2.2.;3.2.;4.6.;5.4.;6.1.;7.6.;8.3.;9.7.;10.5.;11.2.;12.7.,1,3
Bartók Béla tér,-,-,-,-,0,5,-,-,-,-,-,-
Bartók Béla utca,-,-,-,-,0,1,1,1,3,1.8.;2.5.;3.5.;4.9.;5.7.;6.4.;7.2.;8.6.;9.3.;10.1.;11.5.;12.3.,2,1
Báthori István utca,-,-,-,-,0,4,1,4,-,-,2,4
Báthori sor,-,-,-,-,0,1,1,3,3,1.11.;2.8.;3.8.;4.19.;5.10.;6.14.;7.12.;8.9.;9.13.;10.11.;11.15.;12.13.,2,3
Batsányi János utca,-,-,-,-,0,4,1,2,3,1.8.;2.5.;3.5.;4.9.;5.7.;6.4.;7.2.;8.6.;9.3.;10.1.;11.5.;12.3.,2,2
Batthyány Lajos utca,-,-,-,-,0,5,2,4,3,1.13.;2.10.;3.10.;4.14.;5.12.;6.9.;7.14.;8.11.;9.8.;10.13.;11.10.;12.8.,1,4
Batthyány sor,-,-,-,-,0,3,1,2,3,1.12.;2.9.;3.9.;4.13.;5.11.;6.15.;7.13.;8.10.;9.14.;10.12.;11.9.;12.14.,2,2
Bedeghvölgy utca,-,-,-,-,0,5,2,4,3,1.13.;2.10.;3.10.;4.14.;5.12.;6.9.;7.14.;8.11.;9.8.;10.13.;11.10.;12.8.,1,4
Béke utca,-,-,-,-,0,4,1,2,3,1.8.;2.5.;3.5.;4.9.;5.7.;6.4.;7.2.;8.6.;9.3.;10.1.;11.5.;12.3.,2,2
Békés utca,-,-,-,-,0,1,1,1,3,1.8.;2.5.;3.5.;4.9.;5.7.;6.4.;7.2.;8.6.;9.3.;10.1.;11.5.;12.3.,2,1
Békeszálló telep,-,-,-,-,0,2,1,4,3,1.12.;2.9.;3.9.;4.13.;5.11.;6.15.;7.13.;8.10.;9.14.;10.12.;11.9.;12.14.,2,4
Béla utca,-,-,-,-,0,4,1,4,3,1.13.;2.10.;3.10.;4.14.;5.12.;6.9.;7.14.;8.11.;9.8.;10.13.;11.10.;12.8.,2,4
Bellervölgy utca,-,-,-,-,0,2,1,3,3,1.12.;2.9.;3.9.;4.13.;5.11.;6.15.;7.13.;8.10.;9.14.;10.12.;11.9.;12.14.,2,3
Bem József utca,-,-,-,-,0,1,2,4,3,1.4.;2.1.;3.1.;4.12.;5.3.;6.7.;7.5.;8.2.;9.6.;10.4.;11.8.;12.6.,1,4
Bencés utca,-,-,-,-,0,4,-,-,3,1.5.;2.2.;3.2.;4.6.;5.4.;6.1.;7.6.;8.3.;9.7.;10.5.;11.2.;12.7.,-,-
Bencések köz,-,-,-,-,0,4,2,3,3,1.5.;2.2.;3.2.;4.6.;5.4.;6.1.;7.6.;8.3.;9.7.;10.5.;11.2.;12.7.,1,3
Bencések útja,-,-,-,-,0,4,2,3,3,1.5.;2.2.;3.2.;4.6.;5.4.;6.1.;7.6.;8.3.;9.7.;10.5.;11.2.;12.7.,1,3
Benczúr Gyula utca,-,-,-,-,0,5,2,2,3,1.6.;2.3.;3.3.;4.7.;5.5.;6.2.;7.7.;8.4.;9.1.;10.6.;11.3.;12.1.,2,5
Benedekalja utca,-,-,-,-,0,1,2,1,3,1.4.;2.1.;3.1.;4.12.;5.3.;6.7.;7.5.;8.2.;9.6.;10.4.;11.8.;12.6.,1,1
Benedeki pince sor,-,-,-,-,0,1,2,1,3,1.4.;2.1.;3.1.;4.12.;5.3.;6.7.;7.5.;8.2.;9.6.;10.4.;11.8.;12.6.,1,1
Beniczky Lajos utca,-,-,-,-,0,2,2,1,3,1.4.;2.1.;3.1.;4.12.;5.3.;6.7.;7.5.;8.2.;9.6.;10.4.;11.8.;12.6.,1,1
Benke József utca,-,-,-,-,0,5,2,3,3,1.4.;2.1.;3.1.;4.12.;5.3.;6.7.;7.5.;8.2.;9.6.;10.4.;11.8.;12.6.,1,3
Benkő Sámuel utca,-,-,-,-,0,1,2,2,3,1.6.;2.3.;3.3.;4.7.;5.5.;6.2.;7.7.;8.4.;9.1.;10.6.;11.3.;12.1.,1,2
Bércalja utca,-,-,-,-,0,2,2,4,3,1.13.;2.10.;3.10.;4.14.;5.12.;6.9.;7.14.;8.11.;9.8.;10.13.;11.10.;12.8.,1,4
Bercsényi Miklós utca,-,-,-,-,0,2,1,4,3,1.12.;2.9.;3.9.;4.13.;5.11.;6.15.;7.13.;8.10.;9.14.;10.12.;11.9.;12.14.,2,4
Beregi utca,-,-,-,-,0,4,2,3,3,1.5.;2.2.;3.2.;4.6.;5.4.;6.1.;7.6.;8.3.;9.7.;10.5.;11.2.;12.7.,1,3
Berekalja utca,-,-,-,-,0,1,1,1,3,1.8.;2.5.;3.5.;4.9.;5.7.;6.4.;7.2.;8.6.;9.3.;10.1.;11.5.;12.3.,2,1
Berekkert utca,-,-,-,-,0,5,2,2,3,1.6.;2.3.;3.3.;4.7.;5.5.;6.2.;7.7.;8.4.;9.1.;10.6.;11.3.;12.1.,2,5
Berettyó utca,-,-,-,-,0,2,2,2,3,1.6.;2.3.;3.3.;4.7.;5.5.;6.2.;7.7.;8.4.;9.1.;10.6.;11.3.;12.1.,1,2
Berkenye utca,-,-,-,-,0,1,1,1,3,1.8.;2.5.;3.5.;4.9.;5.7.;6.4.;7.2.;8.6.;9.3.;10.1.;11.5.;12.3.,2,1
Bertalan utca,-,-,-,-,0,1,1,2,3,1.12.;2.9.;3.9.;4.13.;5.11.;6.15.;7.13.;8.10.;9.14.;10.12.;11.9.;12.14.,2,2
Berzsenyi Dániel utca,-,-,-,-,0,2,2,2,3,1.6.;2.3.;3.3.;4.7.;5.5.;6.2.;7.7.;8.4.;9.1.;10.6.;11.3.;12.1.,1,2
Besenyői utca,-,-,-,-,0,5,2,4,3,1.7.;2.4.;3.4.;4.1.;5.6.;6.3.;7.1.;8.5.;9.2.;10.7.;11.4.;12.2.,1,4
Bethlen Gábor utca,-,-,-,-,0,5,2,4,3,1.7.;2.4.;3.4.;4.1.;5.6.;6.3.;7.1.;8.5.;9.2.;10.7.;11.4.;12.2.,1,4
Bezerédi István utca,-,-,-,-,0,5,2,3,3,1.4.;2.1.;3.1.;4.12.;5.3.;6.7.;7.5.;8.2.;9.6.;10.4.;11.8.;12.6.,1,3
Bimbó utca,-,-,-,-,0,5,1,3,3,1.12.;2.9.;3.9.;4.13.;5.11.;6.15.;7.13.;8.10.;9.14.;10.12.;11.9.;12.14.,2,3
Bíró utca,-,-,-,-,0,4,1,4,3,1.13.;2.10.;3.10.;4.14.;5.12.;6.9.;7.14.;8.11.;9.8.;10.13.;11.10.;12.8.,2,4
Bizony Ákos utca,-,-,-,-,0,2,2,1,3,1.4.;2.1.;3.1.;4.12.;5.3.;6.7.;7.5.;8.2.;9.6.;10.4.;11.8.;12.6.,1,1
Blaha Lujza utca (1-11),-,-,-,-,0,1,1,2,3,1.8.;2.5.;3.5.;4.9.;5.7.;6.4.;7.2.;8.6.;9.3.;10.1.;11.5.;12.3.,2,2
Blaha Lujza utca (13-23),-,-,-,-,0,4,1,2,3,1.8.;2.5.;3.5.;4.9.;5.7.;6.4.;7.2.;8.6.;9.3.;10.1.;11.5.;12.3.,2,2
Bocskai István utca,-,-,-,-,0,1,2,4,3,1.4.;2.1.;3.1.;4.12.;5.3.;6.7.;7.5.;8.2.;9.6.;10.4.;11.8.;12.6.,1,4
Bodó sor,-,-,-,-,0,5,1,4,3,1.13.;2.10.;3.10.;4.14.;5.12.;6.9.;7.14.;8.11.;9.8.;10.13.;11.10.;12.8.,1,4
Bodrog utca,-,-,-,-,0,1,2,2,3,1.6.;2.3.;3.3.;4.7.;5.5.;6.2.;7.7.;8.4.;9.1.;10.6.;11.3.;12.1.,1,2
Bodrogi Zsigmond utca,-,-,-,-,0,4,1,2,3,1.8.;2.5.;3.5.;4.9.;5.7.;6.4.;7.2.;8.6.;9.3.;10.1.;11.5.;12.3.,2,2
Bodza utca,-,-,-,-,0,5,1,3,3,1.12.;2.9.;3.9.;4.13.;5.11.;6.15.;7.13.;8.10.;9.14.;10.12.;11.9.;12.14.,2,3
Bogáncs utca,-,-,-,-,0,5,2,2,3,1.6.;2.3.;3.3.;4.7.;5.5.;6.2.;7.7.;8.4.;9.1.;10.6.;11.3.;12.1.,2,5
Boglárka utca,-,-,-,-,0,5,2,1,3,1.4.;2.1.;3.1.;4.12.;5.3.;6.7.;7.5.;8.2.;9.6.;10.4.;11.8.;12.6.,1,1
Bognár utca,-,-,-,-,0,2,2,1,3,1.4.;2.1.;3.1.;4.12.;5.3.;6.7.;7.5.;8.2.;9.6.;10.4.;11.8.;12.6.,1,1
Bokros utca,-,-,-,-,0,4,2,3,3,1.5.;2.2.;3.2.;4.6.;5.4.;6.1.;7.6.;8.3.;9.7.;10.5.;11.2.;12.7.,1,3
Boldog utca,-,-,-,-,0,4,1,2,3,1.11.;2.8.;3.8.;4.19.;5.10.;6.14.;7.12.;8.9.;9.13.;10.11.;11.15.;12.13.,2,2
Bollóalja utca,-,-,-,-,0,5,1,3,3,1.12.;2.9.;3.9.;4.13.;5.11.;6.15.;7.13.;8.10.;9.14.;10.12.;11.9.;12.14.,2,3
Bolyai Farkas utca,-,-,-,-,0,2,1,3,3,1.12.;2.9.;3.9.;4.13.;5.11.;6.15.;7.13.;8.10.;9.14.;10.12.;11.9.;12.14.,2,3
Borbély utca,-,-,-,-,0,2,2,1,3,1.4.;2.1.;3.1.;4.12.;5.3.;6.7.;7.5.;8.2.;9.6.;10.4.;11.8.;12.6.,1,1
Bornemissza Gergely utca,-,-,-,-,0,1,2,2,3,1.6.;2.3.;3.3.;4.7.;5.5.;6.2.;7.7.;8.4.;9.1.;10.6.;11.3.;12.1.,1,2
Boróka utca,-,-,-,-,0,4,1,2,3,1.11.;2.8.;3.8.;4.19.;5.10.;6.14.;7.12.;8.9.;9.13.;10.11.;11.15.;12.13.,2,2
Borostyán utca,-,-,-,-,0,2,2,4,3,1.13.;2.10.;3.10.;4.14.;5.12.;6.9.;7.14.;8.11.;9.8.;10.13.;11.10.;12.8.,1,4
Bors vezér utca,-,-,-,-,0,1,2,4,3,1.7.;2.4.;3.4.;4.1.;5.6.;6.3.;7.1.;8.5.;9.2.;10.7.;11.4.;12.2.,1,4
Botond utca,-,-,-,-,0,4,2,4,3,1.7.;2.4.;3.4.;4.1.;5.6.;6.3.;7.1.;8.5.;9.2.;10.7.;11.4.;12.2.,1,4
Bottyán János utca,-,-,-,-,0,5,2,3,3,1.4.;2.1.;3.1.;4.12.;5.3.;6.7.;7.5.;8.2.;9.6.;10.4.;11.8.;12.6.,1,3
Bölcs utca,-,-,-,-,0,2,1,1,3,1.8.;2.5.;3.5.;4.9.;5.7.;6.4.;7.2.;8.6.;9.3.;10.1.;11.5.;12.3.,2,1
Böngér utca,-,-,-,-,0,2,1,4,3,1.13.;2.10.;3.10.;4.14.;5.12.;6.9.;7.14.;8.11.;9.8.;10.13.;11.10.;12.8.,2,4
Börzsöny utca,-,-,-,-,0,2,2,4,3,1.13.;2.10.;3.10.;4.14.;5.12.;6.9.;7.14.;8.11.;9.8.;10.13.;11.10.;12.8.,1,4
Branyiszkó utca,-,-,-,-,0,4,2,3,3,1.5.;2.2.;3.2.;4.6.;5.4.;6.1.;7.6.;8.3.;9.7.;10.5.;11.2.;12.7.,1,3
Brassói utca,-,-,-,-,0,4,2,3,3,1.5.;2.2.;3.2.;4.6.;5.4.;6.1.;7.6.;8.3.;9.7.;10.5.;11.2.;12.7.,1,3
Brigád utca,-,-,-,-,0,4,1,4,3,1.13.;2.10.;3.10.;4.14.;5.12.;6.9.;7.14.;8.11.;9.8.;10.13.;11.10.;12.8.,2,4
Bródy Sándor utca,-,-,-,-,0,1,1,1,3,1.8.;2.5.;3.5.;4.9.;5.7.;6.4.;7.2.;8.6.;9.3.;10.1.;11.5.;12.3.,2,1
Bruckner Győző utca,-,-,-,-,0,4,2,4,3,1.13.;2.10.;3.10.;4.14.;5.12.;6.9.;7.14.;8.11.;9.8.;10.13.;11.10.;12.8.,1,4
Bruckner tanya,-,-,-,-,0,4,-,-,-,-,-,-
Budai József utca,-,-,-,-,0,5,2,3,3,1.4.;2.1.;3.1.;4.12.;5.3.;6.7.;7.5.;8.2.;9.6.;10.4.;11.8.;12.6.,1,3
Bulcsu utca,-,-,-,-,0,4,2,4,3,1.7.;2.4.;3.4.;4.1.;5.6.;6.3.;7.1.;8.5.;9.2.;10.7.;11.4.;12.2.,1,4
Búzavirág utca,-,-,-,-,0,4,2,4,3,1.13.;2.10.;3.10.;4.14.;5.12.;6.9.;7.14.;8.11.;9.8.;10.13.;11.10.;12.8.,1,4
Buzogány utca,-,-,-,-,0,5,2,4,3,1.7.;2.4.;3.4.;4.1.;5.6.;6.3.;7.1.;8.5.;9.2.;10.7.;11.4.;12.2.,1,4
Bükk utca,-,-,-,-,0,1,1,1,3,1.8.;2.5.;3.5.;4.9.;5.7.;6.4.;7.2.;8.6.;9.3.;10.1.;11.5.;12.3.,2,1
Cement utca,-,-,-,-,0,5,2,1,3,1.4.;2.1.;3.1.;4.12.;5.3.;6.7.;7.5.;8.2.;9.6.;10.4.;11.8.;12.6.,1,1
Cinka Panna utca,-,-,-,-,0,4,1,2,3,1.11.;2.8.;3.8.;4.19.;5.10.;6.14.;7.12.;8.9.;9.13.;10.11.;11.15.;12.13.,2,2
Cukrász utca,-,-,-,-,0,2,2,1,3,1.4.;2.1.;3.1.;4.12.;5.3.;6.7.;7.5.;8.2.;9.6.;10.4.;11.8.;12.6.,1,1
Csabagyöngye I. dűlő,-,-,-,-,0,1,-,-,-,-,-,-
Csabai kapu,-,-,-,-,0,5,2,3,3,1.4.;2.1.;3.1.;4.12.;5.3.;6.7.;7.5.;8.2.;9.6.;10.4.;11.8.;12.6.,1,3
Csabai sor,-,-,-,-,0,2,1,4,3,1.5.;2.2.;3.2.;4.6.;5.4.;6.1.;7.6.;8.3.;9.7.;10.5.;11.2.;12.7.,2,4
Csabai utca,-,-,-,-,0,4,2,3,3,1.5.;2.2.;3.2.;4.6.;5.4.;6.1.;7.6.;8.3.;9.7.;10.5.;11.2.;12.7.,1,3
Csabavezér út,-,-,-,-,0,5,2,1,3,1.4.;2.1.;3.1.;4.12.;5.3.;6.7.;7.5.;8.2.;9.6.;10.4.;11.8.;12.6.,1,1
Csáby Lajos utca,-,-,-,-,0,5,1,3,3,1.12.;2.9.;3.9.;4.13.;5.11.;6.15.;7.13.;8.10.;9.14.;10.12.;11.9.;12.14.,2,3
Csajkovszkij utca,-,-,-,-,0,5,1,3,3,1.12.;2.9.;3.9.;4.13.;5.11.;6.15.;7.13.;8.10.;9.14.;10.12.;11.9.;12.14.,2,3
Csákány utca,-,-,-,-,0,4,1,2,3,1.11.;2.8.;3.8.;4.19.;5.10.;6.14.;7.12.;8.9.;9.13.;10.11.;11.15.;12.13.,2,2
Csalogány utca,-,-,-,-,0,2,1,4,3,1.7.;2.4.;3.4.;4.1.;5.6.;6.3.;7.1.;8.5.;9.2.;10.7.;11.4.;12.2.,2,4
Csanyik utca,-,-,-,-,0,1,1,1,3,1.8.;2.5.;3.5.;4.9.;5.7.;6.4.;7.2.;8.6.;9.3.;10.1.;11.5.;12.3.,2,1
Csáti sor,-,-,-,-,0,2,1,4,3,1.7.;2.4.;3.4.;4.1.;5.6.;6.3.;7.1.;8.5.;9.2.;10.7.;11.4.;12.2.,2,4
Csavar utca,-,-,-,-,0,4,1,2,3,1.11.;2.8.;3.8.;4.19.;5.10.;6.14.;7.12.;8.9.;9.13.;10.11.;11.15.;12.13.,2,2
Csehov utca,-,-,-,-,0,5,1,3,3,1.12.;2.9.;3.9.;4.13.;5.11.;6.15.;7.13.;8.10.;9.14.;10.12.;11.9.;12.14.,2,3
Csele utca,-,-,-,-,0,2,2,2,3,1.6.;2.3.;3.3.;4.7.;5.5.;6.2.;7.7.;8.4.;9.1.;10.6.;11.3.;12.1.,1,2
Csemete utca,-,-,-,-,0,1,1,1,3,1.8.;2.5.;3.5.;4.9.;5.7.;6.4.;7.2.;8.6.;9.3.;10.1.;11.5.;12.3.,2,1
Csemetekert utca,-,-,-,-,0,1,2,1,3,1.4.;2.1.;3.1.;4.12.;5.3.;6.7.;7.5.;8.2.;9.6.;10.4.;11.8.;12.6.,1,1
Csendes utca,-,-,-,-,0,1,1,1,3,1.8.;2.5.;3.5.;4.9.;5.7.;6.4.;7.2.;8.6.;9.3.;10.1.;11.5.;12.3.,2,1
Csengey Gusztáv utca,-,-,-,-,0,2,1,4,3,1.7.;2.4.;3.4.;4.1.;5.6.;6.3.;7.1.;8.5.;9.2.;10.7.;11.4.;12.2.,2,4
Cserép utca,-,-,-,-,0,4,2,1,3,1.4.;2.1.;3.1.;4.12.;5.3.;6.7.;7.5.;8.2.;9.6.;10.4.;11.8.;12.6.,1,1
Cseresznyés utca 3508,-,-,-,-,0,2,2,1,3,1.4.;2.1.;3.1.;4.12.;5.3.;6.7.;7.5.;8.2.;9.6.;10.4.;11.8.;12.6.,1,1
Cseresznyés utca 3518,-,-,-,-,0,2,1,3,3,1.4.;2.1.;3.1.;4.12.;5.3.;6.7.;7.5.;8.2.;9.6.;10.4.;11.8.;12.6.,2,3
Cserfa utca,-,-,-,-,0,1,1,3,3,1.11.;2.8.;3.8.;4.19.;5.10.;6.14.;7.12.;8.9.;9.13.;10.11.;11.15.;12.13.,2,3
Cserhát utca,-,-,-,-,0,2,2,4,3,1.13.;2.10.;3.10.;4.14.;5.12.;6.9.;7.14.;8.11.;9.8.;10.13.;11.10.;12.8.,1,4
Cserje utca,-,-,-,-,0,4,1,1,3,1.8.;2.5.;3.5.;4.9.;5.7.;6.4.;7.2.;8.6.;9.3.;10.1.;11.5.;12.3.,2,1
Csermák Antal utca,-,-,-,-,0,2,2,1,3,1.4.;2.1.;3.1.;4.12.;5.3.;6.7.;7.5.;8.2.;9.6.;10.4.;11.8.;12.6.,1,1
Csermely utca,-,-,-,-,0,2,2,4,3,1.13.;2.10.;3.10.;4.14.;5.12.;6.9.;7.14.;8.11.;9.8.;10.13.;11.10.;12.8.,1,4
Csermőke,-,-,-,-,0,3,1,2,3,1.5.;2.2.;3.2.;4.6.;5.4.;6.1.;7.6.;8.3.;9.7.;10.5.;11.2.;12.7.,2,2
Csermőkei út,-,-,-,-,0,3,1,2,3,1.5.;2.2.;3.2.;4.6.;5.4.;6.1.;7.6.;8.3.;9.7.;10.5.;11.2.;12.7.,2,2
Csernalj,-,-,-,-,0,5,1,3,3,1.12.;2.9.;3.9.;4.13.;5.11.;6.15.;7.13.;8.10.;9.14.;10.12.;11.9.;12.14.,2,3
Cséti Ottó utca,-,-,-,-,0,5,1,3,3,1.12.;2.9.;3.9.;4.13.;5.11.;6.15.;7.13.;8.10.;9.14.;10.12.;11.9.;12.14.,2,3
Csillag utca,-,-,-,-,0,2,1,4,3,1.12.;2.9.;3.9.;4.13.;5.11.;6.15.;7.13.;8.10.;9.14.;10.12.;11.9.;12.14.,2,4
Csille utca,-,-,-,-,0,4,1,2,3,1.11.;2.8.;3.8.;4.19.;5.10.;6.14.;7.12.;8.9.;9.13.;10.11.;11.15.;12.13.,2,2
Csipke virág utca,-,-,-,-,0,1,1,3,3,1.12.;2.9.;3.9.;4.13.;5.11.;6.15.;7.13.;8.10.;9.14.;10.12.;11.9.;12.14.,2,3
Csipkés utca,-,-,-,-,0,4,1,1,3,1.8.;2.5.;3.5.;4.9.;5.7.;6.4.;7.2.;8.6.;9.3.;10.1.;11.5.;12.3.,2,1
Csóka utca,-,-,-,-,0,2,1,1,3,1.8.;2.5.;3.5.;4.9.;5.7.;6.4.;7.2.;8.6.;9.3.;10.1.;11.5.;12.3.,2,1
Csokonai Vitéz Mihály utca,-,-,-,-,0,2,2,2,3,1.6.;2.3.;3.3.;4.7.;5.5.;6.2.;7.7.;8.4.;9.1.;10.6.;11.3.;12.1.,1,2
Csonka János utca,-,-,-,-,0,2,2,2,3,1.7.;2.4.;3.4.;4.1.;5.6.;6.3.;7.1.;8.5.;9.2.;10.7.;11.4.;12.2.,1,2
Csonka sor,-,-,-,-,0,3,1,4,3,1.6.;2.3.;3.3.;4.7.;5.5.;6.2.;7.7.;8.4.;9.1.;10.6.;11.3.;12.1.,2,4
Dalárda utca,-,-,-,-,0,5,1,3,3,1.12.;2.9.;3.9.;4.13.;5.11.;6.15.;7.13.;8.10.;9.14.;10.12.;11.9.;12.14.,2,3
Dália utca,-,-,-,-,0,5,2,1,3,1.4.;2.1.;3.1.;4.12.;5.3.;6.7.;7.5.;8.2.;9.6.;10.4.;11.8.;12.6.,1,1
Damjanich János utca,-,-,-,-,0,2,1,4,3,1.12.;2.9.;3.9.;4.13.;5.11.;6.15.;7.13.;8.10.;9.14.;10.12.;11.9.;12.14.,2,4
Danlos,-,-,-,-,0,2,1,3,3,1.12.;2.9.;3.9.;4.13.;5.11.;6.15.;7.13.;8.10.;9.14.;10.12.;11.9.;12.14.,2,4
Danyi völgy,-,-,-,-,0,2,-,-,-,-,-,-
Dapsy László utca,-,-,-,-,0,2,2,1,3,1.4.;2.1.;3.1.;4.12.;5.3.;6.7.;7.5.;8.2.;9.6.;10.4.;11.8.;12.6.,1,1
Daru utca,-,-,-,-,0,5,1,4,3,1.12.;2.9.;3.9.;4.13.;5.11.;6.15.;7.13.;8.10.;9.14.;10.12.;11.9.;12.14.,2,4
Dayka Gábor utca,-,-,-,-,0,5,2,4,3,1.7.;2.4.;3.4.;4.1.;5.6.;6.3.;7.1.;8.5.;9.2.;10.7.;11.4.;12.2.,1,4
Deák Ferenc tér,-,-,-,-,0,5,2,4,3,1.4.;2.1.;3.1.;4.12.;5.3.;6.7.;7.5.;8.2.;9.6.;10.4.;11.8.;12.6.,1,4
Deák Ferenc utca,-,-,-,-,0,2,2,1,3,1.13.;2.10.;3.10.;4.14.;5.12.;6.9.;7.14.;8.11.;9.8.;10.13.;11.10.;12.8.,1,1
Debreceni Márton tér,-,-,-,-,0,5,1,3,3,1.12.;2.9.;3.9.;4.13.;5.11.;6.15.;7.13.;8.10.;9.14.;10.12.;11.9.;12.14.,2,3
Déli utca,-,-,-,-,0,2,2,1,3,1.4.;2.1.;3.1.;4.12.;5.3.;6.7.;7.5.;8.2.;9.6.;10.4.;11.8.;12.6.,1,1
Denevér utca,-,-,-,-,0,1,2,3,3,1.5.;2.2.;3.2.;4.6.;5.4.;6.1.;7.6.;8.3.;9.7.;10.5.;11.2.;12.7.,1,3
Derkovits Gyula utca,-,-,-,-,0,5,2,3,3,1.4.;2.1.;3.1.;4.12.;5.3.;6.7.;7.5.;8.2.;9.6.;10.4.;11.8.;12.6.,1,3
Déryné utca,-,-,-,-,0,5,2,4,3,1.7.;2.4.;3.4.;4.1.;5.6.;6.3.;7.1.;8.5.;9.2.;10.7.;11.4.;12.2.,1,4
Dési Huber István utca,-,-,-,-,0,1,2,3,3,1.5.;2.2.;3.2.;4.6.;5.4.;6.1.;7.6.;8.3.;9.7.;10.5.;11.2.;12.7.,1,3
Dessewffy Arisztid utca,-,-,-,-,0,5,2,3,3,1.4.;2.1.;3.1.;4.12.;5.3.;6.7.;7.5.;8.2.;9.6.;10.4.;11.8.;12.6.,1,3
Deszkás oldal dűlő,-,-,-,-,0,2,-,-,-,-,-,-
Diófa utca,-,-,-,-,0,2,1,2,3,1.8.;2.5.;3.5.;4.9.;5.7.;6.4.;7.2.;8.6.;9.3.;10.1.;11.5.;12.3.,2,2
Dobó István utca,-,-,-,-,0,2,1,4,3,1.12.;2.9.;3.9.;4.13.;5.11.;6.15.;7.13.;8.10.;9.14.;10.12.;11.9.;12.14.,2,4
Dobozy Mihály utca,-,-,-,-,0,5,2,3,3,1.4.;2.1.;3.1.;4.12.;5.3.;6.7.;7.5.;8.2.;9.6.;10.4.;11.8.;12.6.,1,3
Dóczy József utca,-,-,-,-,0,5,2,4,3,1.13.;2.10.;3.10.;4.14.;5.12.;6.9.;7.14.;8.11.;9.8.;10.13.;11.10.;12.8.,1,4
Dohány utca,-,-,-,-,0,2,2,1,3,1.4.;2.1.;3.1.;4.12.;5.3.;6.7.;7.5.;8.2.;9.6.;10.4.;11.8.;12.6.,1,1
Domb utca,-,-,-,-,0,2,1,4,3,1.12.;2.9.;3.9.;4.13.;5.11.;6.15.;7.13.;8.10.;9.14.;10.12.;11.9.;12.14.,2,4
Dombalja,-,-,-,-,0,5,2,4,3,1.12.;2.9.;3.9.;4.13.;5.11.;6.15.;7.13.;8.10.;9.14.;10.12.;11.9.;12.14.,1,4
Dorottya utca,-,-,-,-,0,1,-,-,3,1.13.;2.10.;3.10.;4.14.;5.12.;6.9.;7.14.;8.11.;9.8.;10.13.;11.10.;12.8.,-,-
Dózsa György út,-,-,-,-,0,5,2,4,3,1.4.;2.1.;3.1.;4.12.;5.3.;6.7.;7.5.;8.2.;9.6.;10.4.;11.8.;12.6.,1,4
Dr. Kalocsay Kálmán utca,-,-,-,-,0,5,2,1,3,1.6.;2.3.;3.3.;4.7.;5.5.;6.2.;7.7.;8.4.;9.1.;10.6.;11.3.;12.1.,1,1
Dráva utca,-,-,-,-,0,1,2,2,3,1.4.;2.1.;3.1.;4.12.;5.3.;6.7.;7.5.;8.2.;9.6.;10.4.;11.8.;12.6.,1,2
Dugonics András utca,-,-,-,-,0,5,2,3,3,1.6.;2.3.;3.3.;4.7.;5.5.;6.2.;7.7.;8.4.;9.1.;10.6.;11.3.;12.1.,1,3
Duna utca,-,-,-,-,0,1,2,2,3,1.7.;2.4.;3.4.;4.1.;5.6.;6.3.;7.1.;8.5.;9.2.;10.7.;11.4.;12.2.,1,2
Éder György utca,-,-,-,-,0,5,2,4,3,1.4.;2.1.;3.1.;4.12.;5.3.;6.7.;7.5.;8.2.;9.6.;10.4.;11.8.;12.6.,1,4
Egres utca,-,-,-,-,0,5,2,1,3,1.6.;2.3.;3.3.;4.7.;5.5.;6.2.;7.7.;8.4.;9.1.;10.6.;11.3.;12.1.,1,1
Egressy Béni utca,-,-,-,-,0,5,2,2,3,1.6.;2.3.;3.3.;4.7.;5.5.;6.2.;7.7.;8.4.;9.1.;10.6.;11.3.;12.1.,2,5
Egressy Gábor utca,-,-,-,-,0,2,2,2,3,1.4.;2.1.;3.1.;4.12.;5.3.;6.7.;7.5.;8.2.;9.6.;10.4.;11.8.;12.6.,1,2
Egri utca,-,-,-,-,0,5,2,1,3,1.4.;2.1.;3.1.;4.12.;5.3.;6.7.;7.5.;8.2.;9.6.;10.4.;11.8.;12.6.,1,1
Egyetértés utca,-,-,-,-,0,2,2,1,3,1.13.;2.10.;3.10.;4.14.;5.12.;6.9.;7.14.;8.11.;9.8.;10.13.;11.10.;12.8.,1,1
Előd utca,-,-,-,-,0,4,1,4,3,1.8.;2.5.;3.5.;4.9.;5.7.;6.4.;7.2.;8.6.;9.3.;10.1.;11.5.;12.3.,2,4
Előhegy utca,-,-,-,-,0,1,1,2,3,1.8.;2.5.;3.5.;4.9.;5.7.;6.4.;7.2.;8.6.;9.3.;10.1.;11.5.;12.3.,2,2
Endresz György utca,-,-,-,-,0,1,1,4,3,1.12.;2.9.;3.9.;4.13.;5.11.;6.15.;7.13.;8.10.;9.14.;10.12.;11.9.;12.14.,2,4
Endrődi Sándor utca,-,-,-,-,0,1,1,1,3,1.8.;2.5.;3.5.;4.9.;5.7.;6.4.;7.2.;8.6.;9.3.;10.1.;11.5.;12.3.,2,1
Enyedi György utca,-,-,-,-,0,1,2,3,3,1.5.;2.2.;3.2.;4.6.;5.4.;6.1.;7.6.;8.3.;9.7.;10.5.;11.2.;12.7.,1,3
Eötvös Lóránd utca,-,-,-,-,0,5,2,3,3,1.4.;2.1.;3.1.;4.12.;5.3.;6.7.;7.5.;8.2.;9.6.;10.4.;11.8.;12.6.,1,3
Eper utca,-,-,-,-,0,1,1,1,3,1.8.;2.5.;3.5.;4.9.;5.7.;6.4.;7.2.;8.6.;9.3.;10.1.;11.5.;12.3.,2,1
Epres utca,-,-,-,-,0,5,1,3,3,1.12.;2.9.;3.9.;4.13.;5.11.;6.15.;7.13.;8.10.;9.14.;10.12.;11.9.;12.14.,2,3
Erdélyi utca,-,-,-,-,0,1,1,2,3,1.8.;2.5.;3.5.;4.9.;5.7.;6.4.;7.2.;8.6.;9.3.;10.1.;11.5.;12.3.,2,2
Erdész utca,-,-,-,-,0,4,1,1,3,1.8.;2.5.;3.5.;4.9.;5.7.;6.4.;7.2.;8.6.;9.3.;10.1.;11.5.;12.3.,2,1
Erdő sor,-,-,-,-,0,2,1,3,3,1.8.;2.5.;3.5.;4.9.;5.7.;6.4.;7.2.;8.6.;9.3.;10.1.;11.5.;12.3.,2,3
Erdő utca,-,-,-,-,0,1,1,1,3,1.8.;2.5.;3.5.;4.9.;5.7.;6.4.;7.2.;8.6.;9.3.;10.1.;11.5.;12.3.,2,1
Erenyő,-,-,-,-,0,5,1,3,3,1.12.;2.9.;3.9.;4.13.;5.11.;6.15.;7.13.;8.10.;9.14.;10.12.;11.9.;12.14.,2,3
Erenyő utca,-,-,-,-,0,5,1,3,3,1.12.;2.9.;3.9.;4.13.;5.11.;6.15.;7.13.;8.10.;9.14.;10.12.;11.9.;12.14.,2,3
Erenyő völgy (1-8),-,-,-,-,0,5,1,3,3,1.12.;2.9.;3.9.;4.13.;5.11.;6.15.;7.13.;8.10.;9.14.;10.12.;11.9.;12.14.,2,3
Erenyő völgy (helyrajzi számos rész),-,-,-,-,0,5,1,3,3,1.12.;2.9.;3.9.;4.13.;5.11.;6.15.;7.13.;8.10.;9.14.;10.12.;11.9.;12.14.,2,3
Erkel Ferenc utca,-,-,-,-,0,5,2,2,3,1.6.;2.3.;3.3.;4.7.;5.5.;6.2.;7.7.;8.4.;9.1.;10.6.;11.3.;12.1.,2,5
Ernye Bán utca,-,-,-,-,0,2,1,4,3,1.12.;2.9.;3.9.;4.13.;5.11.;6.15.;7.13.;8.10.;9.14.;10.12.;11.9.;12.14.,2,4
Erzsébet királyné útja,-,-,-,-,0,2,2,1,3,1.4.;2.1.;3.1.;4.12.;5.3.;6.7.;7.5.;8.2.;9.6.;10.4.;11.8.;12.6.,1,1
Erzsébet sétány,-,-,-,-,0,1,1,1,3,1.8.;2.5.;3.5.;4.9.;5.7.;6.4.;7.2.;8.6.;9.3.;10.1.;11.5.;12.3.,2,1
Estike utca,-,-,-,-,0,2,2,4,3,1.13.;2.10.;3.10.;4.14.;5.12.;6.9.;7.14.;8.11.;9.8.;10.13.;11.10.;12.8.,1,4
Esze Tamás utca,-,-,-,-,0,1,2,3,3,1.5.;2.2.;3.2.;4.6.;5.4.;6.1.;7.6.;8.3.;9.7.;10.5.;11.2.;12.7.,1,3
Eszperantó utca,-,-,-,-,0,2,2,1,3,1.4.;2.1.;3.1.;4.12.;5.3.;6.7.;7.5.;8.2.;9.6.;10.4.;11.8.;12.6.,1,1
Eszter utca,-,-,-,-,0,2,2,4,3,1.13.;2.10.;3.10.;4.14.;5.12.;6.9.;7.14.;8.11.;9.8.;10.13.;11.10.;12.8.,1,4
Esztergályos utca,-,-,-,-,0,2,2,1,3,1.4.;2.1.;3.1.;4.12.;5.3.;6.7.;7.5.;8.2.;9.6.;10.4.;11.8.;12.6.,1,1
Eszterházy Antal utca,-,-,-,-,0,5,2,3,3,1.4.;2.1.;3.1.;4.12.;5.3.;6.7.;7.5.;8.2.;9.6.;10.4.;11.8.;12.6.,1,3
Fábián kapu,-,-,-,-,0,5,2,4,3,1.13.;2.10.;3.10.;4.14.;5.12.;6.9.;7.14.;8.11.;9.8.;10.13.;11.10.;12.8.,1,4
Fadrusz János utca,-,-,-,-,0,4,1,4,3,1.13.;2.10.;3.10.;4.14.;5.12.;6.9.;7.14.;8.11.;9.8.;10.13.;11.10.;12.8.,2,4
Fagyöngy utca,-,-,-,-,0,4,2,3,3,1.5.;2.2.;3.2.;4.6.;5.4.;6.1.;7.6.;8.3.;9.7.;10.5.;11.2.;12.7.,1,3
Fajdos dűlő,-,-,-,-,0,4,2,3,3,1.5.;2.2.;3.2.;4.6.;5.4.;6.1.;7.6.;8.3.;9.7.;10.5.;11.2.;12.7.,1,3
Fajdos utca,-,-,-,-,0,4,2,3,3,1.5.;2.2.;3.2.;4.6.;5.4.;6.1.;7.6.;8.3.;9.7.;10.5.;11.2.;12.7.,1,3
Faller Jenő utca,-,-,-,-,0,5,1,3,3,1.12.;2.9.;3.9.;4.13.;5.11.;6.15.;7.13.;8.10.;9.14.;10.12.;11.9.;12.14.,2,3
Farbaky István utca,-,-,-,-,0,2,1,3,3,1.12.;2.9.;3.9.;4.13.;5.11.;6.15.;7.13.;8.10.;9.14.;10.12.;11.9.;12.14.,2,3
Farkas Antal utca,-,-,-,-,0,2,2,1,3,1.4.;2.1.;3.1.;4.12.;5.3.;6.7.;7.5.;8.2.;9.6.;10.4.;11.8.;12.6.,1,1
Farkas Jenő utca,-,-,-,-,0,5,2,3,3,1.4.;2.1.;3.1.;4.12.;5.3.;6.7.;7.5.;8.2.;9.6.;10.4.;11.8.;12.6.,1,3
Fáskert utca,-,-,-,-,0,5,2,2,3,1.6.;2.3.;3.3.;4.7.;5.5.;6.2.;7.7.;8.4.;9.1.;10.6.;11.3.;12.1.,2,5
Fátyolka utca,-,-,-,-,0,5,1,3,3,1.12.;2.9.;3.9.;4.13.;5.11.;6.15.;7.13.;8.10.;9.14.;10.12.;11.9.;12.14.,2,3
Fazola Henrik utca,-,-,-,-,0,2,,,,,,
Fecske,-,-,-,-,0,1,2,3,3,1.5.;2.2.;3.2.;4.6.;5.4.;6.1.;7.6.;8.3.;9.7.;10.5.;11.2.;12.7.,1,3
Felhő utca,-,-,-,-,0,4,2,1,3,1.4.;2.1.;3.1.;4.12.;5.3.;6.7.;7.5.;8.2.;9.6.;10.4.;11.8.;12.6.,1,1
Felmező utca,-,-,-,-,0,2,2,4,3,1.13.;2.10.;3.10.;4.14.;5.12.;6.9.;7.14.;8.11.;9.8.;10.13.;11.10.;12.8.,1,4
Felsőruzsin dűlő,-,-,-,-,0,3,-,-,-,-,-,-
Felső sor,-,-,-,-,0,3,-,-,-,-,-,-
Felsőszinva utca,-,-,-,-,0,2,-,-,3,1.12.;2.9.;3.9.;4.13.;5.11.;6.15.;7.13.;8.10.;9.14.;10.12.;11.9.;12.14.,-,-
Fém utca,-,-,-,-,0,2,1,4,3,1.13.;2.10.;3.10.;4.14.;5.12.;6.9.;7.14.;8.11.;9.8.;10.13.;11.10.;12.8.,2,4
Fényesvölgyi utca,-,-,-,-,0,1,1,1,3,1.8.;2.5.;3.5.;4.9.;5.7.;6.4.;7.2.;8.6.;9.3.;10.1.;11.5.;12.3.,2,1
Fenyő utca,-,-,-,-,0,4,2,3,3,1.5.;2.2.;3.2.;4.6.;5.4.;6.1.;7.6.;8.3.;9.7.;10.5.;11.2.;12.7.,1,3
Fenyves utca,-,-,-,-,0,4,1,2,3,1.11.;2.8.;3.8.;4.19.;5.10.;6.14.;7.12.;8.9.;9.13.;10.11.;11.15.;12.13.,2,2
Ferenc utca,-,-,-,-,0,4,1,4,3,1.13.;2.10.;3.10.;4.14.;5.12.;6.9.;7.14.;8.11.;9.8.;10.13.;11.10.;12.8.,2,4
Ferenczi Sándor utca,-,-,-,-,0,2,1,2,3,1.11.;2.8.;3.8.;4.19.;5.10.;6.14.;7.12.;8.9.;9.13.;10.11.;11.15.;12.13.,2,2
Feszty Árpád utca,-,-,-,-,0,4,2,4,3,1.13.;2.10.;3.10.;4.14.;5.12.;6.9.;7.14.;8.11.;9.8.;10.13.;11.10.;12.8.,1,4
Finkey József utca,-,-,-,-,0,5,1,3,3,1.12.;2.9.;3.9.;4.13.;5.11.;6.15.;7.13.;8.10.;9.14.;10.12.;11.9.;12.14.,2,3
Fogarasi utca,-,-,-,-,0,5,2,1,3,1.4.;2.1.;3.1.;4.12.;5.3.;6.7.;7.5.;8.2.;9.6.;10.4.;11.8.;12.6.,1,1
Forgács Antal utca,-,-,-,-,0,1,2,2,3,1.6.;2.3.;3.3.;4.7.;5.5.;6.2.;7.7.;8.4.;9.1.;10.6.;11.3.;12.1.,1,2
Forrásvölgy,-,-,-,-,0,2,2,4,3,1.13.;2.10.;3.10.;4.14.;5.12.;6.9.;7.14.;8.11.;9.8.;10.13.;11.10.;12.8.,1,4
Forrásvölgy utca,-,-,-,-,0,2,2,4,3,1.13.;2.10.;3.10.;4.14.;5.12.;6.9.;7.14.;8.11.;9.8.;10.13.;11.10.;12.8.,1,4
Fő utca,-,-,-,-,0,4,1,3,3,1.11.;2.8.;3.8.;4.19.;5.10.;6.14.;7.12.;8.9.;9.13.;10.11.;11.15.;12.13.,2,3
Földes Ferenc utca,-,-,-,-,0,2,1,4,3,1.7.;2.4.;3.4.;4.1.;5.6.;6.3.;7.1.;8.5.;9.2.;10.7.;11.4.;12.2.,2,4
Fövényszer utca,-,-,-,-,0,2,2,2,3,1.6.;2.3.;3.3.;4.7.;5.5.;6.2.;7.7.;8.4.;9.1.;10.6.;11.3.;12.1.,1,2
Franklin Benjámin utca,-,-,-,-,0,1,2,2,3,1.6.;2.3.;3.3.;4.7.;5.5.;6.2.;7.7.;8.4.;9.1.;10.6.;11.3.;12.1.,1,2
Futó utca,-,-,-,-,0,5,2,1,3,1.4.;2.1.;3.1.;4.12.;5.3.;6.7.;7.5.;8.2.;9.6.;10.4.;11.8.;12.6.,1,1
Fuvola utca,-,-,-,-,0,4,2,1,3,1.4.;2.1.;3.1.;4.12.;5.3.;6.7.;7.5.;8.2.;9.6.;10.4.;11.8.;12.6.,1,1
Fülemile utca,-,-,-,-,0,2,1,3,3,1.12.;2.9.;3.9.;4.13.;5.11.;6.15.;7.13.;8.10.;9.14.;10.12.;11.9.;12.14.,2,3
Fülep József utca,-,-,-,-,0,4,1,2,-,-,2,2
Fürdő utca,-,-,-,-,0,2,1,3,3,1.12.;2.9.;3.9.;4.13.;5.11.;6.15.;7.13.;8.10.;9.14.;10.12.;11.9.;12.14.,2,3
Fürj utca,-,-,-,-,0,1,2,3,3,1.5.;2.2.;3.2.;4.6.;5.4.;6.1.;7.6.;8.3.;9.7.;10.5.;11.2.;12.7.,1,3
Füzes utca,-,-,-,-,0,2,1,4,3,1.12.;2.9.;3.9.;4.13.;5.11.;6.15.;7.13.;8.10.;9.14.;10.12.;11.9.;12.14.,2,4
Gábor Áron utca,-,-,-,-,0,2,1,4,3,1.12.;2.9.;3.9.;4.13.;5.11.;6.15.;7.13.;8.10.;9.14.;10.12.;11.9.;12.14.,2,4
Galagonyás sor,-,-,-,-,0,2,2,4,3,1.13.;2.10.;3.10.;4.14.;5.12.;6.9.;7.14.;8.11.;9.8.;10.13.;11.10.;12.8.,1,4
Ganz Ábrahám utca,-,-,-,-,0,2,2,2,3,1.6.;2.3.;3.3.;4.7.;5.5.;6.2.;7.7.;8.4.;9.1.;10.6.;11.3.;12.1.,1,2
Garadna erdészház,-,-,-,-,0,3,-,-,-,-,-,-
Garam utca,-,-,-,-,0,1,2,2,3,1.6.;2.3.;3.3.;4.7.;5.5.;6.2.;7.7.;8.4.;9.1.;10.6.;11.3.;12.1.,1,2
Garbai Sándor utca,-,-,-,-,0,5,2,1,3,1.4.;2.1.;3.1.;4.12.;5.3.;6.7.;7.5.;8.2.;9.6.;10.4.;11.8.;12.6.,1,1
Gárdonyi Géza utca,-,-,-,-,0,5,2,1,3,1.4.;2.1.;3.1.;4.12.;5.3.;6.7.;7.5.;8.2.;9.6.;10.4.;11.8.;12.6.,1,1
Gátőr utca,-,-,-,-,0,5,2,1,3,1.4.;2.1.;3.1.;4.12.;5.3.;6.7.;7.5.;8.2.;9.6.;10.4.;11.8.;12.6.,1,1
Gémeskert utca,-,-,-,-,0,5,2,2,3,1.6.;2.3.;3.3.;4.7.;5.5.;6.2.;7.7.;8.4.;9.1.;10.6.;11.3.;12.1.,,
Gépész utca,-,-,-,-,0,4,1,4,3,1.13.;2.10.;3.10.;4.14.;5.12.;6.9.;7.14.;8.11.;9.8.;10.13.;11.10.;12.8.,2,4
Gerle utca,-,-,-,-,0,1,2,3,3,1.5.;2.2.;3.2.;4.6.;5.4.;6.1.;7.6.;8.3.;9.7.;10.5.;11.2.;12.7.,1,3
Geró János utca,-,-,-,-,0,2,1,4,3,1.7.;2.4.;3.4.;4.1.;5.6.;6.3.;7.1.;8.5.;9.2.;10.7.;11.4.;12.2.,2,4
Géza utca,-,-,-,-,0,2,1,4,3,1.13.;2.10.;3.10.;4.14.;5.12.;6.9.;7.14.;8.11.;9.8.;10.13.;11.10.;12.8.,2,4
Ginzery Sándor utca,-,-,-,-,0,4,2,1,3,1.4.;2.1.;3.1.;4.12.;5.3.;6.7.;7.5.;8.2.;9.6.;10.4.;11.8.;12.6.,1,1
Gitár utca,-,-,-,-,0,2,1,3,3,1.12.;2.9.;3.9.;4.13.;5.11.;6.15.;7.13.;8.10.;9.14.;10.12.;11.9.;12.14.,2,3
Gizella utca,-,-,-,-,0,1,2,4,3,1.7.;2.4.;3.4.;4.1.;5.6.;6.3.;7.1.;8.5.;9.2.;10.7.;11.4.;12.2.,1,4
Glanzer Miksa utca,-,-,-,-,0,2,1,3,3,1.12.;2.9.;3.9.;4.13.;5.11.;6.15.;7.13.;8.10.;9.14.;10.12.;11.9.;12.14.,2,3
Gombos Pál utca,-,-,-,-,0,5,2,4,3,1.5.;2.2.;3.2.;4.6.;5.4.;6.1.;7.6.;8.3.;9.7.;10.5.;11.2.;12.7.,1,4
Gorkij sor,-,-,-,-,0,1,1,3,3,1.11.;2.8.;3.8.;4.19.;5.10.;6.14.;7.12.;8.9.;9.13.;10.11.;11.15.;12.13.,2,3
Gózon Lajos utca,-,-,-,-,0,2,1,3,3,1.12.;2.9.;3.9.;4.13.;5.11.;6.15.;7.13.;8.10.;9.14.;10.12.;11.9.;12.14.,2,3
Gömöri tér,-,-,-,-,0,5,2,4,3,1.7.;2.4.;3.4.;4.1.;5.6.;6.3.;7.1.;8.5.;9.2.;10.7.;11.4.;12.2.,1,4
Görgey Artúr utca,-,-,-,-,0,1,2,3,3,1.5.;2.2.;3.2.;4.6.;5.4.;6.1.;7.6.;8.3.;9.7.;10.5.;11.2.;12.7.,1,3
Görgős utca,-,-,-,-,0,2,2,1,3,1.4.;2.1.;3.1.;4.12.;5.3.;6.7.;7.5.;8.2.;9.6.;10.4.;11.8.;12.6.,1,1
Görögszőlő utca (32-46),-,-,-,-,0,2,1,4,3,1.12.;2.9.;3.9.;4.13.;5.11.;6.15.;7.13.;8.10.;9.14.;10.12.;11.9.;12.14.,2,4
"Görögszőlő utca (1-31, 46-)",-,-,-,-,0,5,1,4,3,1.13.;2.10.;3.10.;4.14.;5.12.;6.9.;7.14.;8.11.;9.8.;10.13.;11.10.;12.8.,2,4
Görömbölyi út,-,-,-,-,0,4,2,3,3,1.5.;2.2.;3.2.;4.6.;5.4.;6.1.;7.6.;8.3.;9.7.;10.5.;11.2.;12.7.,1,3
Gőz utca,-,-,-,-,0,4,1,2,3,1.8.;2.5.;3.5.;4.9.;5.7.;6.4.;7.2.;8.6.;9.3.;10.1.;11.5.;12.3.,2,2
Gránátalma utca,-,-,-,-,0,5,2,1,3,1.4.;2.1.;3.1.;4.12.;5.3.;6.7.;7.5.;8.2.;9.6.;10.4.;11.8.;12.6.,1,1
Gutenberg utca,-,-,-,-,0,1,2,2,3,1.6.;2.3.;3.3.;4.7.;5.5.;6.2.;7.7.;8.4.;9.1.;10.6.;11.3.;12.1.,1,2
Gvadányi József utca,-,-,-,-,0,2,2,2,3,1.6.;2.3.;3.3.;4.7.;5.5.;6.2.;7.7.;8.4.;9.1.;10.6.;11.3.;12.1.,1,2
Gyár utca,-,-,-,-,0,2,1,4,3,1.12.;2.9.;3.9.;4.13.;5.11.;6.15.;7.13.;8.10.;9.14.;10.12.;11.9.;12.14.,2,4
Gyertyán utca,-,-,-,-,0,4,1,1,3,1.8.;2.5.;3.5.;4.9.;5.7.;6.4.;7.2.;8.6.;9.3.;10.1.;11.5.;12.3.,2,1
Gyimesi utca,-,-,-,-,0,5,2,4,3,1.7.;2.4.;3.4.;4.1.;5.6.;6.3.;7.1.;8.5.;9.2.;10.7.;11.4.;12.2.,1,4
Gyóni Géza utca,-,-,-,-,0,4,2,4,3,1.7.;2.4.;3.4.;4.1.;5.6.;6.3.;7.1.;8.5.;9.2.;10.7.;11.4.;12.2.,1,4
Gyöngyösi István utca,-,-,-,-,0,1,2,2,3,1.6.;2.3.;3.3.;4.7.;5.5.;6.2.;7.7.;8.4.;9.1.;10.6.;11.3.;12.1.,1,2
Gyöngyvirág utca,-,-,-,-,0,5,2,3,3,1.4.;2.1.;3.1.;4.12.;5.3.;6.7.;7.5.;8.2.;9.6.;10.4.;11.8.;12.6.,1,3
Győri kapu (páratlan oldal),-,-,-,-,0,2,1,4,3,1.13.;2.10.;3.10.;4.14.;5.12.;6.9.;7.14.;8.11.;9.8.;10.13.;11.10.;12.8.,2,4
Győri kapu (páros oldal),-,-,-,-,0,4,1,4,3,1.13.;2.10.;3.10.;4.14.;5.12.;6.9.;7.14.;8.11.;9.8.;10.13.;11.10.;12.8.,2,4
Győri sor,-,-,-,-,0,2,1,4,3,1.7.;2.4.;3.4.;4.1.;5.6.;6.3.;7.1.;8.5.;9.2.;10.7.;11.4.;12.2.,2,4
Győri utca,-,-,-,-,0,4,2,3,3,1.5.;2.2.;3.2.;4.6.;5.4.;6.1.;7.6.;8.3.;9.7.;10.5.;11.2.;12.7.,1,3
"Gyula utca (1-13, 2-14)",-,-,-,-,0,2,1,4,3,1.13.;2.10.;3.10.;4.14.;5.12.;6.9.;7.14.;8.11.;9.8.;10.13.;11.10.;12.8.,2,4
Hadirokkantak útja,-,-,-,-,0,1,2,4,3,1.7.;2.4.;3.4.;4.1.;5.6.;6.3.;7.1.;8.5.;9.2.;10.7.;11.4.;12.2.,1,4
Hajdú utca,-,-,-,-,0,2,1,2,3,1.8.;2.5.;3.5.;4.9.;5.7.;6.4.;7.2.;8.6.;9.3.;10.1.;11.5.;12.3.,2,2
Hajnal utca,-,-,-,-,0,3,1,2,3,1.5.;2.2.;3.2.;4.6.;5.4.;6.1.;7.6.;8.3.;9.7.;10.5.;11.2.;12.7.,2,2
Hajnóczy József utca,-,-,-,-,0,5,2,2,3,1.6.;2.3.;3.3.;4.7.;5.5.;6.2.;7.7.;8.4.;9.1.;10.6.;11.3.;12.1.,2,5
Haladás utca,-,-,-,-,0,1,2,1,3,1.4.;2.1.;3.1.;4.12.;5.3.;6.7.;7.5.;8.2.;9.6.;10.4.;11.8.;12.6.,1,1
Halász utca,-,-,-,-,0,5,2,4,3,1.7.;2.4.;3.4.;4.1.;5.6.;6.3.;7.1.;8.5.;9.2.;10.7.;11.4.;12.2.,1,4
Haller György utca,-,-,-,-,0,1,1,1,3,1.11.;2.8.;3.8.;4.19.;5.10.;6.14.;7.12.;8.9.;9.13.;10.11.;11.15.;12.13.,2,1
Halom utca,-,-,-,-,0,5,2,2,3,1.6.;2.3.;3.3.;4.7.;5.5.;6.2.;7.7.;8.4.;9.1.;10.6.;11.3.;12.1.,2,5
Hamerák Mihály utca,-,-,-,-,0,2,1,3,3,1.12.;2.9.;3.9.;4.13.;5.11.;6.15.;7.13.;8.10.;9.14.;10.12.;11.9.;12.14.,2,3
Hámor sétány,-,-,-,-,0,2,1,1,3,1.8.;2.5.;3.5.;4.9.;5.7.;6.4.;7.2.;8.6.;9.3.;10.1.;11.5.;12.3.,2,1
Harang utca,-,-,-,-,0,5,2,2,3,1.6.;2.3.;3.3.;4.7.;5.5.;6.2.;7.7.;8.4.;9.1.;10.6.;11.3.;12.1.,2,5
Harkály utca,-,-,-,-,0,1,2,3,3,1.5.;2.2.;3.2.;4.6.;5.4.;6.1.;7.6.;8.3.;9.7.;10.5.;11.2.;12.7.,1,3
Harmadik utca,-,-,-,-,0,1,-,-,-,-,-,-
Harmat utca,-,-,-,-,0,5,2,4,3,1.7.;2.4.;3.4.;4.1.;5.6.;6.3.;7.1.;8.5.;9.2.;10.7.;11.4.;12.2.,1,4
Harsányi utca (Pingyomi rész),-,-,-,-,0,1,2,1,3,1.4.;2.1.;3.1.;4.12.;5.3.;6.7.;7.5.;8.2.;9.6.;10.4.;11.8.;12.6.,1,1
Harsányi utca (Görömbölyi rész),-,-,-,-,0,2,2,1,-,-,1,1
Hársfa utca,-,-,-,-,0,1,1,1,3,1.8.;2.5.;3.5.;4.9.;5.7.;6.4.;7.2.;8.6.;9.3.;10.1.;11.5.;12.3.,2,1
Hatodik utca,-,-,-,-,0,1,-,-,-,-,-,-
Hatvanötösök útja,-,-,-,-,0,5,2,4,3,1.7.;2.4.;3.4.;4.1.;5.6.;6.3.;7.1.;8.5.;9.2.;10.7.;11.4.;12.2.,1,4
Hattyú utca,-,-,-,-,0,1,2,3,3,1.5.;2.2.;3.2.;4.6.;5.4.;6.1.;7.6.;8.3.;9.7.;10.5.;11.2.;12.7.,1,3
Havas utca,-,-,-,-,0,1,1,1,3,1.8.;2.5.;3.5.;4.9.;5.7.;6.4.;7.2.;8.6.;9.3.;10.1.;11.5.;12.3.,2,1
Hegedű utca,-,-,-,-,0,2,1,3,3,1.12.;2.9.;3.9.;4.13.;5.11.;6.15.;7.13.;8.10.;9.14.;10.12.;11.9.;12.14.,2,3
Hegyalja út (páros oldal),-,-,-,-,0,4,1,1,3,1.8.;2.5.;3.5.;4.9.;5.7.;6.4.;7.2.;8.6.;9.3.;10.1.;11.5.;12.3.,2,1
Hegyalja út (páratlan oldal),-,-,-,-,0,2,1,1,3,1.8.;2.5.;3.5.;4.9.;5.7.;6.4.;7.2.;8.6.;9.3.;10.1.;11.5.;12.3.,2,1
Hegyes utca,-,-,-,-,0,1,1,1,3,1.8.;2.5.;3.5.;4.9.;5.7.;6.4.;7.2.;8.6.;9.3.;10.1.;11.5.;12.3.,2,1
Hejő utca,-,-,-,-,0,5,2,1,3,1.4.;2.1.;3.1.;4.12.;5.3.;6.7.;7.5.;8.2.;9.6.;10.4.;11.8.;12.6.,1,1
Hengerész utca,-,-,-,-,0,1,1,3,3,1.11.;2.8.;3.8.;4.19.;5.10.;6.14.;7.12.;8.9.;9.13.;10.11.;11.15.;12.13.,2,3
Hérics utca,-,-,-,-,0,5,1,3,3,1.12.;2.9.;3.9.;4.13.;5.11.;6.15.;7.13.;8.10.;9.14.;10.12.;11.9.;12.14.,2,3
Hernád utca,-,-,-,-,0,5,2,4,3,1.7.;2.4.;3.4.;4.1.;5.6.;6.3.;7.1.;8.5.;9.2.;10.7.;11.4.;12.2.,1,4
Hetedik utca,-,-,-,-,0,1,-,-,-,-,-,-
Híd,-,-,-,-,0,5,2,1,3,1.4.;2.1.;3.1.;4.12.;5.3.;6.7.;7.5.;8.2.;9.6.;10.4.;11.8.;12.6.,1,1
Híd utca,-,-,-,-,0,5,1,3,-,-,2,3
Hideg sor,-,-,-,-,0,2,1,4,3,1.7.;2.4.;3.4.;4.1.;5.6.;6.3.;7.1.;8.5.;9.2.;10.7.;11.4.;12.2.,2,4
Hock János utca,-,-,-,-,0,5,2,1,3,1.4.;2.1.;3.1.;4.12.;5.3.;6.7.;7.5.;8.2.;9.6.;10.4.;11.8.;12.6.,1,1
Hold utca,-,-,-,-,0,2,1,4,3,1.12.;2.9.;3.9.;4.13.;5.11.;6.15.;7.13.;8.10.;9.14.;10.12.;11.9.;12.14.,2,4
Hollán Ernő utca,-,-,-,-,0,2,2,2,3,1.6.;2.3.;3.3.;4.7.;5.5.;6.2.;7.7.;8.4.;9.1.;10.6.;11.3.;12.1.,1,2
Holló utca,-,-,-,-,0,4,1,1,3,1.8.;2.5.;3.5.;4.9.;5.7.;6.4.;7.2.;8.6.;9.3.;10.1.;11.5.;12.3.,2,1
Homok utca,-,-,-,-,0,1,1,1,3,1.8.;2.5.;3.5.;4.9.;5.7.;6.4.;7.2.;8.6.;9.3.;10.1.;11.5.;12.3.,2,1
Homonnai utca,-,-,-,-,0,4,2,3,3,1.5.;2.2.;3.2.;4.6.;5.4.;6.1.;7.6.;8.3.;9.7.;10.5.;11.2.;12.7.,1,3
Honvéd utca,-,-,-,-,0,1,1,1,3,1.8.;2.5.;3.5.;4.9.;5.7.;6.4.;7.2.;8.6.;9.3.;10.1.;11.5.;12.3.,2,1
Hordó utca,-,-,-,-,0,4,2,1,3,1.4.;2.1.;3.1.;4.12.;5.3.;6.7.;7.5.;8.2.;9.6.;10.4.;11.8.;12.6.,1,1
Horváth Lajos utca,-,-,-,-,0,1,2,4,3,1.12.;2.9.;3.9.;4.13.;5.11.;6.15.;7.13.;8.10.;9.14.;10.12.;11.9.;12.14.,1,4
Hóvirág utca,-,-,-,-,0,2,1,1,3,1.8.;2.5.;3.5.;4.9.;5.7.;6.4.;7.2.;8.6.;9.3.;10.1.;11.5.;12.3.,2,1
Huba utca,-,-,-,-,0,4,2,4,3,1.7.;2.4.;3.4.;4.1.;5.6.;6.3.;7.1.;8.5.;9.2.;10.7.;11.4.;12.2.,1,4
Hunfalvy Pál utca,-,-,-,-,0,1,-,-,3,1.8.;2.5.;3.5.;4.9.;5.7.;6.4.;7.2.;8.6.;9.3.;10.1.;11.5.;12.3.,-,-
Hunyadi János utca,-,-,-,-,0,5,2,4,3,1.7.;2.4.;3.4.;4.1.;5.6.;6.3.;7.1.;8.5.;9.2.;10.7.;11.4.;12.2.,1,4
Huszár utca,-,-,-,-,0,4,2,4,3,1.7.;2.4.;3.4.;4.1.;5.6.;6.3.;7.1.;8.5.;9.2.;10.7.;11.4.;12.2.,1,4
Hutás utca,-,-,-,-,0,2,1,4,3,1.12.;2.9.;3.9.;4.13.;5.11.;6.15.;7.13.;8.10.;9.14.;10.12.;11.9.;12.14.,2,4
Ibolya utca,-,-,-,-,0,4,1,1,3,1.8.;2.5.;3.5.;4.9.;5.7.;6.4.;7.2.;8.6.;9.3.;10.1.;11.5.;12.3.,2,1
Igazság utca,-,-,-,-,0,5,2,1,3,1.4.;2.1.;3.1.;4.12.;5.3.;6.7.;7.5.;8.2.;9.6.;10.4.;11.8.;12.6.,1,1
Iglói utca,-,-,-,-,0,4,2,3,3,1.5.;2.2.;3.2.;4.6.;5.4.;6.1.;7.6.;8.3.;9.7.;10.5.;11.2.;12.7.,1,3
Illyés Gyula utca,-,-,-,-,0,1,1,4,3,1.12.;2.9.;3.9.;4.13.;5.11.;6.15.;7.13.;8.10.;9.14.;10.12.;11.9.;12.14.,2,4
Imreh Zsigmond utca,-,-,-,-,0,4,2,3,3,1.5.;2.2.;3.2.;4.6.;5.4.;6.1.;7.6.;8.3.;9.7.;10.5.;11.2.;12.7.,1,3
Ipoly utca,-,-,-,-,0,1,2,2,3,1.6.;2.3.;3.3.;4.7.;5.5.;6.2.;7.7.;8.4.;9.1.;10.6.;11.3.;12.1.,1,2
Irányi Dániel utca,-,-,-,-,0,2,1,4,3,1.7.;2.4.;3.4.;4.1.;5.6.;6.3.;7.1.;8.5.;9.2.;10.7.;11.4.;12.2.,2,4
Irisz utca,-,-,-,-,0,5,2,3,3,1.4.;2.1.;3.1.;4.12.;5.3.;6.7.;7.5.;8.2.;9.6.;10.4.;11.8.;12.6.,1,3
Irma utca,-,-,-,-,0,2,1,3,3,1.12.;2.9.;3.9.;4.13.;5.11.;6.15.;7.13.;8.10.;9.14.;10.12.;11.9.;12.14.,2,3
"Isaszeg utca (20-28, 17)",-,-,-,-,0,1,2,3,3,1.5.;2.2.;3.2.;4.6.;5.4.;6.1.;7.6.;8.3.;9.7.;10.5.;11.2.;12.7.,1,3
"Isaszeg utca (1-15, 2-16)",-,-,-,-,0,4,2,3,3,1.5.;2.2.;3.2.;4.6.;5.4.;6.1.;7.6.;8.3.;9.7.;10.5.;11.2.;12.7.,1,3
Iskola tér,-,-,-,-,0,1,2,2,3,1.6.;2.3.;3.3.;4.7.;5.5.;6.2.;7.7.;8.4.;9.1.;10.6.;11.3.;12.1.,1,2
Istvánffy Gyula utca,-,-,-,-,0,1,2,2,3,1.6.;2.3.;3.3.;4.7.;5.5.;6.2.;7.7.;8.4.;9.1.;10.6.;11.3.;12.1.,1,2
Iván utca,-,-,-,-,0,1,1,2,3,1.8.;2.5.;3.5.;4.9.;5.7.;6.4.;7.2.;8.6.;9.3.;10.1.;11.5.;12.3.,2,2
Izsó Miklós utca,-,-,-,-,0,5,2,1,3,1.4.;2.1.;3.1.;4.12.;5.3.;6.7.;7.5.;8.2.;9.6.;10.4.;11.8.;12.6.,1,1
János utca,-,-,-,-,0,1,1,1,3,1.8.;2.5.;3.5.;4.9.;5.7.;6.4.;7.2.;8.6.;9.3.;10.1.;11.5.;12.3.,2,1
Jászai Mari utca,-,-,-,-,0,2,1,3,3,1.12.;2.9.;3.9.;4.13.;5.11.;6.15.;7.13.;8.10.;9.14.;10.12.;11.9.;12.14.,2,3
Jászi Oszkár utca,-,-,-,-,0,5,2,3,3,1.4.;2.1.;3.1.;4.12.;5.3.;6.7.;7.5.;8.2.;9.6.;10.4.;11.8.;12.6.,1,3
Jázmin utca,-,-,-,-,0,4,1,1,3,1.8.;2.5.;3.5.;4.9.;5.7.;6.4.;7.2.;8.6.;9.3.;10.1.;11.5.;12.3.,2,1
Jedlik Ányos utca,-,-,-,-,0,2,1,3,3,1.12.;2.9.;3.9.;4.13.;5.11.;6.15.;7.13.;8.10.;9.14.;10.12.;11.9.;12.14.,2,3
Jegenyés utca,-,-,-,-,0,1,2,1,3,1.4.;2.1.;3.1.;4.12.;5.3.;6.7.;7.5.;8.2.;9.6.;10.4.;11.8.;12.6.,1,1
Jendrassik György utca,-,-,-,-,0,2,2,2,3,1.6.;2.3.;3.3.;4.7.;5.5.;6.2.;7.7.;8.4.;9.1.;10.6.;11.3.;12.1.,1,2
Jenkei utca,-,-,-,-,0,5,2,2,3,1.6.;2.3.;3.3.;4.7.;5.5.;6.2.;7.7.;8.4.;9.1.;10.6.;11.3.;12.1.,2,5
Jogász utca,-,-,-,-,0,1,2,3,3,1.5.;2.2.;3.2.;4.6.;5.4.;6.1.;7.6.;8.3.;9.7.;10.5.;11.2.;12.7.,1,3
Jókai Mór utca,-,-,-,-,0,5,2,4,3,1.13.;2.10.;3.10.;4.14.;5.12.;6.9.;7.14.;8.11.;9.8.;10.13.;11.10.;12.8.,1,4
Jónás dűlő,-,-,-,-,0,3,1,3,3,1.12.;2.9.;3.9.;4.13.;5.11.;6.15.;7.13.;8.10.;9.14.;10.12.;11.9.;12.14.,2,3
Jónáshegy,-,-,-,-,0,3,1,3,3,1.12.;2.9.;3.9.;4.13.;5.11.;6.15.;7.13.;8.10.;9.14.;10.12.;11.9.;12.14.,2,3
Jósva utca,-,-,-,-,0,2,2,2,3,1.6.;2.3.;3.3.;4.7.;5.5.;6.2.;7.7.;8.4.;9.1.;10.6.;11.3.;12.1.,1,2
Jószerencse utca,-,-,-,-,0,5,1,3,3,1.12.;2.9.;3.9.;4.13.;5.11.;6.15.;7.13.;8.10.;9.14.;10.12.;11.9.;12.14.,2,3
József Attila utca,-,-,-,-,0,2,2,4,3,1.13.;2.10.;3.10.;4.14.;5.12.;6.9.;7.14.;8.11.;9.8.;10.13.;11.10.;12.8.,1,4
József utca,-,-,-,-,0,4,1,4,3,1.7.;2.4.;3.4.;4.1.;5.6.;6.3.;7.1.;8.5.;9.2.;10.7.;11.4.;12.2.,2,4
Juhar utca,-,-,-,-,0,5,1,3,3,1.12.;2.9.;3.9.;4.13.;5.11.;6.15.;7.13.;8.10.;9.14.;10.12.;11.9.;12.14.,2,3
Juhász Gyula utca,-,-,-,-,0,1,1,1,3,1.8.;2.5.;3.5.;4.9.;5.7.;6.4.;7.2.;8.6.;9.3.;10.1.;11.5.;12.3.,2,1
Kabar utca,-,-,-,-,0,2,1,3,3,1.12.;2.9.;3.9.;4.13.;5.11.;6.15.;7.13.;8.10.;9.14.;10.12.;11.9.;12.14.,2,3
Kabók Lajos utca,-,-,-,-,0,2,1,4,3,1.13.;2.10.;3.10.;4.14.;5.12.;6.9.;7.14.;8.11.;9.8.;10.13.;11.10.;12.8.,2,4
Kaffka Margit utca,-,-,-,-,0,2,2,1,3,1.4.;2.1.;3.1.;4.12.;5.3.;6.7.;7.5.;8.2.;9.6.;10.4.;11.8.;12.6.,1,1
Kalapács utca,-,-,-,-,0,2,1,4,3,1.13.;2.10.;3.10.;4.14.;5.12.;6.9.;7.14.;8.11.;9.8.;10.13.;11.10.;12.8.,2,4
Kalló utca,-,-,-,-,0,2,1,4,3,1.12.;2.9.;3.9.;4.13.;5.11.;6.15.;7.13.;8.10.;9.14.;10.12.;11.9.;12.14.,2,4
Kalocsai utca,-,-,-,-,0,5,-,-,-,-,-,-
Kamilla utca,-,-,-,-,0,1,2,2,3,1.6.;2.3.;3.3.;4.7.;5.5.;6.2.;7.7.;8.4.;9.1.;10.6.;11.3.;12.1.,1,2
Kankalin utca,-,-,-,-,0,5,2,3,3,1.4.;2.1.;3.1.;4.12.;5.3.;6.7.;7.5.;8.2.;9.6.;10.4.;11.8.;12.6.,1,3
Kapitány utca,-,-,-,-,0,1,2,1,3,1.4.;2.1.;3.1.;4.12.;5.3.;6.7.;7.5.;8.2.;9.6.;10.4.;11.8.;12.6.,1,1
Káplár utca,-,-,-,-,0,1,2,1,3,1.4.;2.1.;3.1.;4.12.;5.3.;6.7.;7.5.;8.2.;9.6.;10.4.;11.8.;12.6.,1,1
Kapos utca,-,-,-,-,0,1,2,2,3,1.6.;2.3.;3.3.;4.7.;5.5.;6.2.;7.7.;8.4.;9.1.;10.6.;11.3.;12.1.,1,2
Kaptár utca,-,-,-,-,0,5,2,2,3,1.6.;2.3.;3.3.;4.7.;5.5.;6.2.;7.7.;8.4.;9.1.;10.6.;11.3.;12.1.,2,5
Karabély utca,-,-,-,-,0,1,1,1,3,1.8.;2.5.;3.5.;4.9.;5.7.;6.4.;7.2.;8.6.;9.3.;10.1.;11.5.;12.3.,2,1
Karacs Teréz utca,-,-,-,-,0,2,1,4,3,1.12.;2.9.;3.9.;4.13.;5.11.;6.15.;7.13.;8.10.;9.14.;10.12.;11.9.;12.14.,2,4
Karinthy Frigyes utca,-,-,-,-,0,1,1,1,3,1.8.;2.5.;3.5.;4.9.;5.7.;6.4.;7.2.;8.6.;9.3.;10.1.;11.5.;12.3.,2,1
Károly utca,-,-,-,-,0,4,1,4,3,1.13.;2.10.;3.10.;4.14.;5.12.;6.9.;7.14.;8.11.;9.8.;10.13.;11.10.;12.8.,2,4
Károlyi Mihály utca,-,-,-,-,0,4,2,3,3,1.5.;2.2.;3.2.;4.6.;5.4.;6.1.;7.6.;8.3.;9.7.;10.5.;11.2.;12.7.,1,3
Kárpáti utca,-,-,-,-,0,1,1,4,3,1.12.;2.9.;3.9.;4.13.;5.11.;6.15.;7.13.;8.10.;9.14.;10.12.;11.9.;12.14.,2,4
Kárpitos utca,-,-,-,-,0,2,2,1,3,1.4.;2.1.;3.1.;4.12.;5.3.;6.7.;7.5.;8.2.;9.6.;10.4.;11.8.;12.6.,1,1
Kartács utca,-,-,-,-,0,5,2,4,3,1.7.;2.4.;3.4.;4.1.;5.6.;6.3.;7.1.;8.5.;9.2.;10.7.;11.4.;12.2.,1,4
Kassai utca,-,-,-,-,0,5,2,4,3,1.7.;2.4.;3.4.;4.1.;5.6.;6.3.;7.1.;8.5.;9.2.;10.7.;11.4.;12.2.,1,4
Kassák Lajos utca,-,-,-,-,0,5,2,2,3,1.6.;2.3.;3.3.;4.7.;5.5.;6.2.;7.7.;8.4.;9.1.;10.6.;11.3.;12.1.,2,5
Katona József utca,-,-,-,-,0,4,2,3,3,1.5.;2.2.;3.2.;4.6.;5.4.;6.1.;7.6.;8.3.;9.7.;10.5.;11.2.;12.7.,1,3
Katowice utca,-,-,-,-,0,4,2,4,3,1.7.;2.4.;3.4.;4.1.;5.6.;6.3.;7.1.;8.5.;9.2.;10.7.;11.4.;12.2.,1,4
Kavics utca,-,-,-,-,0,2,1,4,3,1.13.;2.10.;3.10.;4.14.;5.12.;6.9.;7.14.;8.11.;9.8.;10.13.;11.10.;12.8.,2,4
Kázmér utca,-,-,-,-,0,5,2,1,3,1.4.;2.1.;3.1.;4.12.;5.3.;6.7.;7.5.;8.2.;9.6.;10.4.;11.8.;12.6.,1,1
Kelet utca,-,-,-,-,0,5,2,2,3,1.6.;2.3.;3.3.;4.7.;5.5.;6.2.;7.7.;8.4.;9.1.;10.6.;11.3.;12.1.,2,5
Kemény utca,-,-,-,-,0,2,1,2,3,1.8.;2.5.;3.5.;4.9.;5.7.;6.4.;7.2.;8.6.;9.3.;10.1.;11.5.;12.3.,2,2
Kerpely Antal utca,-,-,-,-,0,2,1,3,3,1.12.;2.9.;3.9.;4.13.;5.11.;6.15.;7.13.;8.10.;9.14.;10.12.;11.9.;12.14.,2,3
Kertész utca,-,-,-,-,0,5,2,1,3,1.4.;2.1.;3.1.;4.12.;5.3.;6.7.;7.5.;8.2.;9.6.;10.4.;11.8.;12.6.,1,1
Késmárki utca,-,-,-,-,0,1,2,3,3,1.5.;2.2.;3.2.;4.6.;5.4.;6.1.;7.6.;8.3.;9.7.;10.5.;11.2.;12.7.,1,3
Kikerics utca,-,-,-,-,0,3,1,2,3,1.12.;2.9.;3.9.;4.13.;5.11.;6.15.;7.13.;8.10.;9.14.;10.12.;11.9.;12.14.,2,2
Kilencedik utca,-,-,-,-,0,1,-,-,-,-,-,-
"Kinizsi Pál utca (2-36, 1-25)",-,-,-,-,0,1,2,4,3,1.4.;2.1.;3.1.;4.12.;5.3.;6.7.;7.5.;8.2.;9.6.;10.4.;11.8.;12.6.,1,4
"Kinizsi Pál utca (38-52, 27-45)",-,-,-,-,0,5,2,4,3,1.4.;2.1.;3.1.;4.12.;5.3.;6.7.;7.5.;8.2.;9.6.;10.4.;11.8.;12.6.,1,4
Király utca,-,-,-,-,0,1,-,-,-,-,-,-
Kis Szent Benedek,-,-,-,-,0,4,-,-,-,-,-,-
Kisavas második sor,-,-,-,-,0,3,1,4,,,2,4
Kisavas sor,-,-,-,-,0,3,1,4,3,1.7.;2.4.;3.4.;4.1.;5.6.;6.3.;7.1.;8.5.;9.2.;10.7.;11.4.;12.2.,2,4
Kisbakos,-,-,-,-,0,2,-,-,-,-,-,-
Kisbenedek utca,-,-,-,-,0,1,2,3,3,1.5.;2.2.;3.2.;4.6.;5.4.;6.1.;7.6.;8.3.;9.7.;10.5.;11.2.;12.7.,1,3
Kiserenyő,-,-,-,-,0,5,1,3,3,1.12.;2.9.;3.9.;4.13.;5.11.;6.15.;7.13.;8.10.;9.14.;10.12.;11.9.;12.14.,2,3
Kisfaludy Károly utca,-,-,-,-,0,2,2,2,3,1.6.;2.3.;3.3.;4.7.;5.5.;6.2.;7.7.;8.4.;9.1.;10.6.;11.3.;12.1.,1,2
Kishajtás dűlő,-,-,-,-,0,2,-,-,-,-,-,-
Kis-Hunyad utca,-,-,-,-,0,5,2,4,3,1.7.;2.4.;3.4.;4.1.;5.6.;6.3.;7.1.;8.5.;9.2.;10.7.;11.4.;12.2.,1,4
Kiskőbánya dűlő,-,-,-,-,0,5,2,4,3,1.13.;2.10.;3.10.;4.14.;5.12.;6.9.;7.14.;8.11.;9.8.;10.13.;11.10.;12.8.,1,4
Kiskőkőtő dűlő,-,-,-,-,0,5,2,3,3,1.5.;2.2.;3.2.;4.6.;5.4.;6.1.;7.6.;8.3.;9.7.;10.5.;11.2.;12.7.,1,3
Kislyukó dűlő,-,-,-,-,0,2,1,4,-,-,2,4
Kiss Ernő utca,-,-,-,-,0,2,1,4,3,1.12.;2.9.;3.9.;4.13.;5.11.;6.15.;7.13.;8.10.;9.14.;10.12.;11.9.;12.14.,2,4
"Kiss József utca (70-74, 55-73)",-,-,-,-,0,1,2,3,3,1.5.;2.2.;3.2.;4.6.;5.4.;6.1.;7.6.;8.3.;9.7.;10.5.;11.2.;12.7.,1,3
"Kiss József utca (2-64, 3-53)",-,-,-,-,0,4,-,-,3,1.5.;2.2.;3.2.;4.6.;5.4.;6.1.;7.6.;8.3.;9.7.;10.5.;11.2.;12.7.,-,-
Kiss Tábornok út (páratlan oldal),-,-,-,-,0,2,1,2,3,1.8.;2.5.;3.5.;4.9.;5.7.;6.4.;7.2.;8.6.;9.3.;10.1.;11.5.;12.3.,2,2
Kiss Tábornok út (páros oldal),-,-,-,-,0,4,1,2,3,1.8.;2.5.;3.5.;4.9.;5.7.;6.4.;7.2.;8.6.;9.3.;10.1.;11.5.;12.3.,2,2
Knézich Károly utca,-,-,-,-,0,5,2,3,3,1.4.;2.1.;3.1.;4.12.;5.3.;6.7.;7.5.;8.2.;9.6.;10.4.;11.8.;12.6.,1,3
Koboz utca,-,-,-,-,0,5,2,1,3,1.4.;2.1.;3.1.;4.12.;5.3.;6.7.;7.5.;8.2.;9.6.;10.4.;11.8.;12.6.,1,1
Kócsag utca,-,-,-,-,0,1,2,3,3,1.5.;2.2.;3.2.;4.6.;5.4.;6.1.;7.6.;8.3.;9.7.;10.5.;11.2.;12.7.,1,3
Kodály Zoltán utca,-,-,-,-,0,5,1,3,3,1.12.;2.9.;3.9.;4.13.;5.11.;6.15.;7.13.;8.10.;9.14.;10.12.;11.9.;12.14.,2,3
Kohó utca,-,-,-,-,0,2,1,4,3,1.13.;2.10.;3.10.;4.14.;5.12.;6.9.;7.14.;8.11.;9.8.;10.13.;11.10.;12.8.,2,4
Kokilla utca,-,-,-,-,0,3,1,2,3,1.5.;2.2.;3.2.;4.6.;5.4.;6.1.;7.6.;8.3.;9.7.;10.5.;11.2.;12.7.,2,2
Kolozsvári utca,-,-,-,-,0,5,2,4,3,1.7.;2.4.;3.4.;4.1.;5.6.;6.3.;7.1.;8.5.;9.2.;10.7.;11.4.;12.2.,1,4
Komlós tető,-,-,-,-,0,1,1,3,3,1.11.;2.8.;3.8.;4.19.;5.10.;6.14.;7.12.;8.9.;9.13.;10.11.;11.15.;12.13.,2,3
Koncsorgó utca (11-27),-,-,-,-,0,5,1,3,3,1.12.;2.9.;3.9.;4.13.;5.11.;6.15.;7.13.;8.10.;9.14.;10.12.;11.9.;12.14.,2,3
Koncsorgó utca (helyrajzi számos rész),-,-,-,-,0,5,1,3,3,1.12.;2.9.;3.9.;4.13.;5.11.;6.15.;7.13.;8.10.;9.14.;10.12.;11.9.;12.14.,2,3
Kondor Béla utca,-,-,-,-,0,4,1,2,3,1.8.;2.5.;3.5.;4.9.;5.7.;6.4.;7.2.;8.6.;9.3.;10.1.;11.5.;12.3.,2,2
Kont István utca,-,-,-,-,0,1,2,4,3,1.7.;2.4.;3.4.;4.1.;5.6.;6.3.;7.1.;8.5.;9.2.;10.7.;11.4.;12.2.,1,4
Koppány utca,-,-,-,-,0,2,2,2,3,1.6.;2.3.;3.3.;4.7.;5.5.;6.2.;7.7.;8.4.;9.1.;10.6.;11.3.;12.1.,1,2
Kóris Kálmán utca,-,-,-,-,0,1,2,4,3,1.7.;2.4.;3.4.;4.1.;5.6.;6.3.;7.1.;8.5.;9.2.;10.7.;11.4.;12.2.,1,4
Koromházi utca,-,-,-,-,0,5,2,2,3,1.6.;2.3.;3.3.;4.7.;5.5.;6.2.;7.7.;8.4.;9.1.;10.6.;11.3.;12.1.,2,5
Kós Károly utca,-,-,-,-,0,1,2,3,3,1.4.;2.1.;3.1.;4.12.;5.3.;6.7.;7.5.;8.2.;9.6.;10.4.;11.8.;12.6.,1,3
Kossuth Lajos utca,-,-,-,-,0,5,2,4,3,1.7.;2.4.;3.4.;4.1.;5.6.;6.3.;7.1.;8.5.;9.2.;10.7.;11.4.;12.2.,1,4
Kovács utca,-,-,-,-,0,2,2,1,3,1.4.;2.1.;3.1.;4.12.;5.3.;6.7.;7.5.;8.2.;9.6.;10.4.;11.8.;12.6.,1,1
Kozma Andor utca,-,-,-,-,0,2,2,1,3,1.4.;2.1.;3.1.;4.12.;5.3.;6.7.;7.5.;8.2.;9.6.;10.4.;11.8.;12.6.,1,1
Kő utca,-,-,-,-,0,5,2,1,3,1.4.;2.1.;3.1.;4.12.;5.3.;6.7.;7.5.;8.2.;9.6.;10.4.;11.8.;12.6.,1,1
Kökény utca,-,-,-,-,0,1,1,1,3,1.8.;2.5.;3.5.;4.9.;5.7.;6.4.;7.2.;8.6.;9.3.;10.1.;11.5.;12.3.,2,1
Költő utca,-,-,-,-,0,2,1,2,3,1.8.;2.5.;3.5.;4.9.;5.7.;6.4.;7.2.;8.6.;9.3.;10.1.;11.5.;12.3.,2,2
Kőműves utca,-,-,-,-,0,2,2,1,3,1.4.;2.1.;3.1.;4.12.;5.3.;6.7.;7.5.;8.2.;9.6.;10.4.;11.8.;12.6.,1,1
Könyves Kálmán utca,-,-,-,-,0,1,1,2,3,1.8.;2.5.;3.5.;4.9.;5.7.;6.4.;7.2.;8.6.;9.3.;10.1.;11.5.;12.3.,2,2
Kőpad dűlő,-,-,-,-,0,5,1,3,3,1.12.;2.9.;3.9.;4.13.;5.11.;6.15.;7.13.;8.10.;9.14.;10.12.;11.9.;12.14.,2,3
Kőpad utca,-,-,-,-,0,2,1,3,3,1.12.;2.9.;3.9.;4.13.;5.11.;6.15.;7.13.;8.10.;9.14.;10.12.;11.9.;12.14.,2,3
Kőporos utca,-,-,-,-,0,5,1,4,3,1.13.;2.10.;3.10.;4.14.;5.12.;6.9.;7.14.;8.11.;9.8.;10.13.;11.10.;12.8.,2,4
Kőris utca,-,-,-,-,0,1,2,2,3,1.6.;2.3.;3.3.;4.7.;5.5.;6.2.;7.7.;8.4.;9.1.;10.6.;11.3.;12.1.,1,2
Körmöci utca,-,-,-,-,0,1,1,1,3,1.8.;2.5.;3.5.;4.9.;5.7.;6.4.;7.2.;8.6.;9.3.;10.1.;11.5.;12.3.,2,1
Kőrös utca,-,-,-,-,0,1,2,2,3,1.6.;2.3.;3.3.;4.7.;5.5.;6.2.;7.7.;8.4.;9.1.;10.6.;11.3.;12.1.,1,2
Közdomb,-,-,-,-,0,5,2,4,,,1,4
Közdomb utca,-,-,-,-,0,5,2,4,3,1.13.;2.10.;3.10.;4.14.;5.12.;6.9.;7.14.;8.11.;9.8.;10.13.;11.10.;12.8.,1,4
Középruzsin dülő,-,-,-,-,0,2,,,3,1.7.;2.4.;3.4.;4.1.;5.6.;6.3.;7.1.;8.5.;9.2.;10.7.;11.4.;12.2.,,
Középruzsin dűlő,-,-,-,-,0,2,,,3,1.7.;2.4.;3.4.;4.1.;5.6.;6.3.;7.1.;8.5.;9.2.;10.7.;11.4.;12.2.,,
Köztársaság utca,-,-,-,-,0,2,1,2,3,1.8.;2.5.;3.5.;4.9.;5.7.;6.4.;7.2.;8.6.;9.3.;10.1.;11.5.;12.3.,2,2
Kristály utca,-,-,-,-,0,2,1,3,3,1.12.;2.9.;3.9.;4.13.;5.11.;6.15.;7.13.;8.10.;9.14.;10.12.;11.9.;12.14.,2,3
Krókusz utca,-,-,-,-,0,3,1,2,3,1.5.;2.2.;3.2.;4.6.;5.4.;6.1.;7.6.;8.3.;9.7.;10.5.;11.2.;12.7.,2,2
Kruspér István utca,-,-,-,-,0,5,2,4,3,1.7.;2.4.;3.4.;4.1.;5.6.;6.3.;7.1.;8.5.;9.2.;10.7.;11.4.;12.2.,1,4
Kutyorvölgy,-,-,-,-,0,2,1,3,3,1.12.;2.9.;3.9.;4.13.;5.11.;6.15.;7.13.;8.10.;9.14.;10.12.;11.9.;12.14.,2,4
Külső csabai utca,-,-,-,-,0,1,2,3,3,1.5.;2.2.;3.2.;4.6.;5.4.;6.1.;7.6.;8.3.;9.7.;10.5.;11.2.;12.7.,1,3
Kürt utca,-,-,-,-,0,1,2,1,3,1.4.;2.1.;3.1.;4.12.;5.3.;6.7.;7.5.;8.2.;9.6.;10.4.;11.8.;12.6.,1,1
Laborc utca,-,-,-,-,0,1,2,2,3,1.6.;2.3.;3.3.;4.7.;5.5.;6.2.;7.7.;8.4.;9.1.;10.6.;11.3.;12.1.,1,2
Lackó tanya,-,-,-,-,0,2,,,3,1.11.;2.8.;3.8.;4.19.;5.10.;6.14.;7.12.;8.9.;9.13.;10.11.;11.15.;12.13.,,
Ládi telep,-,-,-,-,0,1,1,3,3,1.6.;2.3.;3.3.;4.7.;5.5.;6.2.;7.7.;8.4.;9.1.;10.6.;11.3.;12.1.,2,3
Lahner György utca,-,-,-,-,0,1,2,2,,,1,2
Lajos Árpád utca,-,-,-,-,0,2,2,2,3,1.6.;2.3.;3.3.;4.7.;5.5.;6.2.;7.7.;8.4.;9.1.;10.6.;11.3.;12.1.,1,2
Lajta utca,-,-,-,-,0,1,2,2,3,1.6.;2.3.;3.3.;4.7.;5.5.;6.2.;7.7.;8.4.;9.1.;10.6.;11.3.;12.1.,1,2
Lakatos utca,-,-,-,-,0,2,2,1,3,1.4.;2.1.;3.1.;4.12.;5.3.;6.7.;7.5.;8.2.;9.6.;10.4.;11.8.;12.6.,1,1
Lankás utca,-,-,-,-,0,4,1,2,3,1.8.;2.5.;3.5.;4.9.;5.7.;6.4.;7.2.;8.6.;9.3.;10.1.;11.5.;12.3.,2,2
Lant utca,-,-,-,-,0,2,1,3,3,1.12.;2.9.;3.9.;4.13.;5.11.;6.15.;7.13.;8.10.;9.14.;10.12.;11.9.;12.14.,2,3
Lányi Ernő utca,-,-,-,-,0,1,1,2,3,1.8.;2.5.;3.5.;4.9.;5.7.;6.4.;7.2.;8.6.;9.3.;10.1.;11.5.;12.3.,2,2
Latabár Endre utca,-,-,-,-,0,5,2,4,3,1.7.;2.4.;3.4.;4.1.;5.6.;6.3.;7.1.;8.5.;9.2.;10.7.;11.4.;12.2.,1,4
Latabár sor,-,-,-,-,0,2,,,,,,
Latkóczi Lajos utca,-,-,-,-,0,5,2,4,3,1.7.;2.4.;3.4.;4.1.;5.6.;6.3.;7.1.;8.5.;9.2.;10.7.;11.4.;12.2.,1,4
Latorca utca,-,-,-,-,0,2,2,2,3,1.6.;2.3.;3.3.;4.7.;5.5.;6.2.;7.7.;8.4.;9.1.;10.6.;11.3.;12.1.,1,2
Lauday János utca,-,-,-,-,0,5,1,3,3,1.12.;2.9.;3.9.;4.13.;5.11.;6.15.;7.13.;8.10.;9.14.;10.12.;11.9.;12.14.,2,3
Lavotta utca,-,-,-,-,0,2,2,1,3,1.4.;2.1.;3.1.;4.12.;5.3.;6.7.;7.5.;8.2.;9.6.;10.4.;11.8.;12.6.,1,1
Lázár Vilmos utca,-,-,-,-,0,5,2,3,3,1.4.;2.1.;3.1.;4.12.;5.3.;6.7.;7.5.;8.2.;9.6.;10.4.;11.8.;12.6.,1,3
Lehár Ferenc utca,-,-,-,-,0,4,2,1,3,1.4.;2.1.;3.1.;4.12.;5.3.;6.7.;7.5.;8.2.;9.6.;10.4.;11.8.;12.6.,1,1
Lehel utca,-,-,-,-,0,4,2,4,3,1.7.;2.4.;3.4.;4.1.;5.6.;6.3.;7.1.;8.5.;9.2.;10.7.;11.4.;12.2.,1,4
Leiningen Károly utca,-,-,-,-,0,2,1,4,3,1.7.;2.4.;3.4.;4.1.;5.6.;6.3.;7.1.;8.5.;9.2.;10.7.;11.4.;12.2.,2,4
Lejtő utca,-,-,-,-,0,1,1,3,3,1.11.;2.8.;3.8.;4.19.;5.10.;6.14.;7.12.;8.9.;9.13.;10.11.;11.15.;12.13.,2,3
Lenke utca,-,-,-,-,0,1,2,4,3,1.7.;2.4.;3.4.;4.1.;5.6.;6.3.;7.1.;8.5.;9.2.;10.7.;11.4.;12.2.,1,4
Léva utca,-,-,-,-,0,4,2,3,3,1.5.;2.2.;3.2.;4.6.;5.4.;6.1.;7.6.;8.3.;9.7.;10.5.;11.2.;12.7.,1,3
Lévay József utca,-,-,-,-,0,5,2,3,3,1.4.;2.1.;3.1.;4.12.;5.3.;6.7.;7.5.;8.2.;9.6.;10.4.;11.8.;12.6.,1,3
Levél utca,-,-,-,-,0,1,2,2,3,1.6.;2.3.;3.3.;4.7.;5.5.;6.2.;7.7.;8.4.;9.1.;10.6.;11.3.;12.1.,1,2
Levendula dülő út,-,-,-,-,0,2,2,4,,,1,4
Leventevezér utca,-,-,-,-,0,4,,,3,1.7.;2.4.;3.4.;4.1.;5.6.;6.3.;7.1.;8.5.;9.2.;10.7.;11.4.;12.2.,,
Lilaakác utca,-,-,-,-,0,5,,,3,1.5.;2.2.;3.2.;4.6.;5.4.;6.1.;7.6.;8.3.;9.7.;10.5.;11.2.;12.7.,,
Liliom utca,-,-,-,-,0,3,1,2,3,1.5.;2.2.;3.2.;4.6.;5.4.;6.1.;7.6.;8.3.;9.7.;10.5.;11.2.;12.7.,2,2
Lilla utca,-,-,-,-,0,2,1,2,3,1.8.;2.5.;3.5.;4.9.;5.7.;6.4.;7.2.;8.6.;9.3.;10.1.;11.5.;12.3.,2,2
Liszkay Gusztáv utca,-,-,-,-,0,5,1,3,3,1.12.;2.9.;3.9.;4.13.;5.11.;6.15.;7.13.;8.10.;9.14.;10.12.;11.9.;12.14.,2,3
Liszt Ferenc utca,-,-,-,-,0,4,1,4,3,1.13.;2.10.;3.10.;4.14.;5.12.;6.9.;7.14.;8.11.;9.8.;10.13.;11.10.;12.8.,2,4
Lokomotív utca,-,-,-,-,0,2,2,2,3,1.6.;2.3.;3.3.;4.7.;5.5.;6.2.;7.7.;8.4.;9.1.;10.6.;11.3.;12.1.,1,2
Lomb utca,-,-,-,-,0,1,1,3,3,1.11.;2.8.;3.8.;4.19.;5.10.;6.14.;7.12.;8.9.;9.13.;10.11.;11.15.;12.13.,2,3
Lónyay Menyhért utca,-,-,-,-,0,2,1,3,3,1.12.;2.9.;3.9.;4.13.;5.11.;6.15.;7.13.;8.10.;9.14.;10.12.;11.9.;12.14.,2,3
Lórántffy Zsuzsanna utca,-,-,-,-,0,1,1,2,3,1.8.;2.5.;3.5.;4.9.;5.7.;6.4.;7.2.;8.6.;9.3.;10.1.;11.5.;12.3.,2,2
Losonczy István utca,-,-,-,-,0,2,1,1,3,1.8.;2.5.;3.5.;4.9.;5.7.;6.4.;7.2.;8.6.;9.3.;10.1.;11.5.;12.3.,2,1
Lovarda utca,-,-,-,-,0,4,2,4,3,1.7.;2.4.;3.4.;4.1.;5.6.;6.3.;7.1.;8.5.;9.2.;10.7.;11.4.;12.2.,1,4
Lőcsei utca,-,-,-,-,0,4,2,3,3,1.5.;2.2.;3.2.;4.6.;5.4.;6.1.;7.6.;8.3.;9.7.;10.5.;11.2.;12.7.,1,3
Lővei sor,-,-,-,-,0,2,1,4,3,1.7.;2.4.;3.4.;4.1.;5.6.;6.3.;7.1.;8.5.;9.2.;10.7.;11.4.;12.2.,2,4
Lugas utca,-,-,-,-,0,2,1,3,3,1.12.;2.9.;3.9.;4.13.;5.11.;6.15.;7.13.;8.10.;9.14.;10.12.;11.9.;12.14.,2,3
Lyukóbánya telep,-,-,-,-,0,2,,,3,1.12.;2.9.;3.9.;4.13.;5.11.;6.15.;7.13.;8.10.;9.14.;10.12.;11.9.;12.14.,,
Lyukóvölgy (25-65 és helyrajzi számok),-,-,-,-,0,2,1,4,3,1.12.;2.9.;3.9.;4.13.;5.11.;6.15.;7.13.;8.10.;9.14.;10.12.;11.9.;12.14.,2,4
Lyukóvölgy (34-48),-,-,-,-,0,3,1,4,3,1.12.;2.9.;3.9.;4.13.;5.11.;6.15.;7.13.;8.10.;9.14.;10.12.;11.9.;12.14.,2,4
Lyukóvölgy bánya oldal,-,-,-,-,0,2,1,4,3,1.12.;2.9.;3.9.;4.13.;5.11.;6.15.;7.13.;8.10.;9.14.;10.12.;11.9.;12.14.,2,4
Lyukóvölgy Búzavirág utca,-,-,-,-,0,3,1,4,3,1.12.;2.9.;3.9.;4.13.;5.11.;6.15.;7.13.;8.10.;9.14.;10.12.;11.9.;12.14.,2,4
Lyukóvölgy Dália utca,-,-,-,-,0,3,1,4,3,1.12.;2.9.;3.9.;4.13.;5.11.;6.15.;7.13.;8.10.;9.14.;10.12.;11.9.;12.14.,2,4
Lyukóvölgy Erdőgazdaság,-,-,-,-,0,2,1,4,3,1.12.;2.9.;3.9.;4.13.;5.11.;6.15.;7.13.;8.10.;9.14.;10.12.;11.9.;12.14.,2,4
Lyukóvölgy Gulyakút,-,-,-,-,0,2,1,4,3,1.12.;2.9.;3.9.;4.13.;5.11.;6.15.;7.13.;8.10.;9.14.;10.12.;11.9.;12.14.,2,4
Lyukóvölgy Herceghajtás dűlő,-,-,-,-,0,2,1,3,3,1.12.;2.9.;3.9.;4.13.;5.11.;6.15.;7.13.;8.10.;9.14.;10.12.;11.9.;12.14.,2,4
Lyukóvölgy Jégvirág utca,-,-,-,-,0,3,1,4,3,1.12.;2.9.;3.9.;4.13.;5.11.;6.15.;7.13.;8.10.;9.14.;10.12.;11.9.;12.14.,2,4
Lyukóvölgy Kishajtás,-,-,-,-,0,2,1,4,3,1.12.;2.9.;3.9.;4.13.;5.11.;6.15.;7.13.;8.10.;9.14.;10.12.;11.9.;12.14.,2,4
Lyukóvölgy Liliom utca,-,-,-,-,0,3,1,4,3,1.12.;2.9.;3.9.;4.13.;5.11.;6.15.;7.13.;8.10.;9.14.;10.12.;11.9.;12.14.,2,4
Lyukóvölgyi út,-,-,-,-,0,2,1,4,3,1.12.;2.9.;3.9.;4.13.;5.11.;6.15.;7.13.;8.10.;9.14.;10.12.;11.9.;12.14.,2,4
Madách Imre utca,-,-,-,-,0,2,1,2,3,1.8.;2.5.;3.5.;4.9.;5.7.;6.4.;7.2.;8.6.;9.3.;10.1.;11.5.;12.3.,2,2
Madár utca,-,-,-,-,0,4,2,1,3,1.4.;2.1.;3.1.;4.12.;5.3.;6.7.;7.5.;8.2.;9.6.;10.4.;11.8.;12.6.,1,1
Madarász Viktor utca,-,-,-,-,0,1,2,4,3,1.7.;2.4.;3.4.;4.1.;5.6.;6.3.;7.1.;8.5.;9.2.;10.7.;11.4.;12.2.,1,4
Magashegy,-,-,-,-,0,3,1,2,3,1.5.;2.2.;3.2.;4.6.;5.4.;6.1.;7.6.;8.3.;9.7.;10.5.;11.2.;12.7.,2,2
Magyar László utca,-,-,-,-,0,5,2,2,3,1.12.;2.9.;3.9.;4.13.;5.11.;6.15.;7.13.;8.10.;9.14.;10.12.;11.9.;12.14.,2,5
Magyar utca,-,-,-,-,0,2,1,3,3,1.6.;2.3.;3.3.;4.7.;5.5.;6.2.;7.7.;8.4.;9.1.;10.6.;11.3.;12.1.,2,3
Majláth István utca,-,-,-,-,0,1,1,1,3,1.8.;2.5.;3.5.;4.9.;5.7.;6.4.;7.2.;8.6.;9.3.;10.1.;11.5.;12.3.,2,1
Major utca,-,-,-,-,0,5,2,4,3,1.13.;2.10.;3.10.;4.14.;5.12.;6.9.;7.14.;8.11.;9.8.;10.13.;11.10.;12.8.,1,4
Május 1. telep,-,-,-,-,0,4,2,1,3,1.4.;2.1.;3.1.;4.12.;5.3.;6.7.;7.5.;8.2.;9.6.;10.4.;11.8.;12.6.,1,1
Málnás utca,-,-,-,-,0,5,2,1,3,1.4.;2.1.;3.1.;4.12.;5.3.;6.7.;7.5.;8.2.;9.6.;10.4.;11.8.;12.6.,1,1
Malom utca,-,-,-,-,0,5,2,1,3,1.4.;2.1.;3.1.;4.12.;5.3.;6.7.;7.5.;8.2.;9.6.;10.4.;11.8.;12.6.,1,1
Mályva utca,-,-,-,-,0,5,2,2,3,1.6.;2.3.;3.3.;4.7.;5.5.;6.2.;7.7.;8.4.;9.1.;10.6.;11.3.;12.1.,2,5
Mányoki Ádám utca,-,-,-,-,0,2,1,3,3,1.12.;2.9.;3.9.;4.13.;5.11.;6.15.;7.13.;8.10.;9.14.;10.12.;11.9.;12.14.,2,3
Marek József utca,-,-,-,-,0,5,2,2,3,1.6.;2.3.;3.3.;4.7.;5.5.;6.2.;7.7.;8.4.;9.1.;10.6.;11.3.;12.1.,2,5
Margaréta utca,-,-,-,-,0,3,1,2,3,1.5.;2.2.;3.2.;4.6.;5.4.;6.1.;7.6.;8.3.;9.7.;10.5.;11.2.;12.7.,2,2
Margittai utca,-,-,-,-,0,5,2,4,3,1.13.;2.10.;3.10.;4.14.;5.12.;6.9.;7.14.;8.11.;9.8.;10.13.;11.10.;12.8.,1,4
Mária utca,-,-,-,-,0,4,1,2,3,1.11.;2.8.;3.8.;4.19.;5.10.;6.14.;7.12.;8.9.;9.13.;10.11.;11.15.;12.13.,2,2
Máriássy Sándor utca,-,-,-,-,0,4,2,3,3,1.5.;2.2.;3.2.;4.6.;5.4.;6.1.;7.6.;8.3.;9.7.;10.5.;11.2.;12.7.,1,3
Marjalaki Kiss Lajos utca,-,-,-,-,0,4,2,4,3,1.12.;2.9.;3.9.;4.13.;5.11.;6.15.;7.13.;8.10.;9.14.;10.12.;11.9.;12.14.,1,4
Maros utca,-,-,-,-,0,4,1,4,3,1.12.;2.9.;3.9.;4.13.;5.11.;6.15.;7.13.;8.10.;9.14.;10.12.;11.9.;12.14.,2,4
Martin Károly utca,-,-,-,-,0,2,2,2,3,1.6.;2.3.;3.3.;4.7.;5.5.;6.2.;7.7.;8.4.;9.1.;10.6.;11.3.;12.1.,1,2
Martinász utca,-,-,-,-,0,3,1,2,3,1.5.;2.2.;3.2.;4.6.;5.4.;6.1.;7.6.;8.3.;9.7.;10.5.;11.2.;12.7.,2,2
Martinovics Ignác utca,-,-,-,-,0,1,2,4,3,1.4.;2.1.;3.1.;4.12.;5.3.;6.7.;7.5.;8.2.;9.6.;10.4.;11.8.;12.6.,1,4
Márton Bíró utca,-,-,-,-,0,2,1,2,3,1.8.;2.5.;3.5.;4.9.;5.7.;6.4.;7.2.;8.6.;9.3.;10.1.;11.5.;12.3.,2,2
Mátra utca,-,-,-,-,0,4,2,3,3,1.5.;2.2.;3.2.;4.6.;5.4.;6.1.;7.6.;8.3.;9.7.;10.5.;11.2.;12.7.,1,3
Mátyás király utca,-,-,-,-,0,4,2,4,3,1.13.;2.10.;3.10.;4.14.;5.12.;6.9.;7.14.;8.11.;9.8.;10.13.;11.10.;12.8.,1,4
MÁV telep,-,-,-,-,0,1,,,,,,
Mecsek utca,-,-,-,-,0,2,2,4,3,1.13.;2.10.;3.10.;4.14.;5.12.;6.9.;7.14.;8.11.;9.8.;10.13.;11.10.;12.8.,1,4
Mécses utca,-,-,-,-,0,5,2,1,3,1.4.;2.1.;3.1.;4.12.;5.3.;6.7.;7.5.;8.2.;9.6.;10.4.;11.8.;12.6.,1,1
Medgyessy Ferenc utca,-,-,-,-,0,5,2,3,3,1.4.;2.1.;3.1.;4.12.;5.3.;6.7.;7.5.;8.2.;9.6.;10.4.;11.8.;12.6.,1,3
Meggyes utca,-,-,-,-,0,5,1,3,3,1.12.;2.9.;3.9.;4.13.;5.11.;6.15.;7.13.;8.10.;9.14.;10.12.;11.9.;12.14.,2,3
"Meggyesalja utca (1-89, 92-)",-,-,-,-,0,2,1,4,3,1.7.;2.4.;3.4.;4.1.;5.6.;6.3.;7.1.;8.5.;9.2.;10.7.;11.4.;12.2.,2,4
Meggyesalja utca (90-92),-,-,-,-,0,3,1,4,3,1.7.;2.4.;3.4.;4.1.;5.6.;6.3.;7.1.;8.5.;9.2.;10.7.;11.4.;12.2.,2,4
Méhész utca,-,-,-,-,0,5,1,4,3,1.13.;2.10.;3.10.;4.14.;5.12.;6.9.;7.14.;8.11.;9.8.;10.13.;11.10.;12.8.,2,4
Mély út,-,-,-,-,0,4,,,,,,
Mélyvölgy utca,-,-,-,-,0,2,1,4,3,1.7.;2.4.;3.4.;4.1.;5.6.;6.3.;7.1.;8.5.;9.2.;10.7.;11.4.;12.2.,2,4
Meredek köz,-,-,-,-,0,4,2,1,3,1.4.;2.1.;3.1.;4.12.;5.3.;6.7.;7.5.;8.2.;9.6.;10.4.;11.8.;12.6.,1,1
Meredély utca,-,-,-,-,0,2,1,4,,,2,4
Mérnök utca,-,-,-,-,0,1,2,3,3,1.5.;2.2.;3.2.;4.6.;5.4.;6.1.;7.6.;8.3.;9.7.;10.5.;11.2.;12.7.,1,3
Mester utca,-,-,-,-,0,2,1,3,3,1.12.;2.9.;3.9.;4.13.;5.11.;6.15.;7.13.;8.10.;9.14.;10.12.;11.9.;12.14.,2,3
Mész utca,-,-,-,-,0,5,2,1,3,1.4.;2.1.;3.1.;4.12.;5.3.;6.7.;7.5.;8.2.;9.6.;10.4.;11.8.;12.6.,1,1
Mészáros utca,-,-,-,-,0,4,2,3,3,1.5.;2.2.;3.2.;4.6.;5.4.;6.1.;7.6.;8.3.;9.7.;10.5.;11.2.;12.7.,1,3
Mésztelep utca,-,-,-,-,0,5,2,1,3,1.4.;2.1.;3.1.;4.12.;5.3.;6.7.;7.5.;8.2.;9.6.;10.4.;11.8.;12.6.,1,1
Mésztelepi kolónia,-,-,-,-,0,5,2,1,3,1.4.;2.1.;3.1.;4.12.;5.3.;6.7.;7.5.;8.2.;9.6.;10.4.;11.8.;12.6.,1,1
Mexikó telep,-,-,-,-,0,4,1,3,3,1.11.;2.8.;3.8.;4.19.;5.10.;6.14.;7.12.;8.9.;9.13.;10.11.;11.15.;12.13.,2,3
Méz utca,-,-,-,-,0,5,2,2,3,1.6.;2.3.;3.3.;4.7.;5.5.;6.2.;7.7.;8.4.;9.1.;10.6.;11.3.;12.1.,2,5
Mező utca,-,-,-,-,0,1,2,2,3,1.6.;2.3.;3.3.;4.7.;5.5.;6.2.;7.7.;8.4.;9.1.;10.6.;11.3.;12.1.,1,2
Mihályka,-,-,-,-,0,4,2,3,3,1.4.;2.1.;3.1.;4.12.;5.3.;6.7.;7.5.;8.2.;9.6.;10.4.;11.8.;12.6.,1,3
Mihályka dűlő,-,-,-,-,0,4,2,3,,,1,3
Mikes Kelemen utca,-,-,-,-,0,5,2,3,3,1.4.;2.1.;3.1.;4.12.;5.3.;6.7.;7.5.;8.2.;9.6.;10.4.;11.8.;12.6.,1,3
Miklós utca,-,-,-,-,0,4,1,4,3,1.13.;2.10.;3.10.;4.14.;5.12.;6.9.;7.14.;8.11.;9.8.;10.13.;11.10.;12.8.,2,4
Mikszáth Kálmán utca,-,-,-,-,0,5,2,3,3,1.4.;2.1.;3.1.;4.12.;5.3.;6.7.;7.5.;8.2.;9.6.;10.4.;11.8.;12.6.,1,3
Miskolci utca,-,-,-,-,0,5,2,2,3,1.6.;2.3.;3.3.;4.7.;5.5.;6.2.;7.7.;8.4.;9.1.;10.6.;11.3.;12.1.,2,5
Miskolctapolcai út,-,-,-,-,0,4,2,3,3,1.5.;2.2.;3.2.;4.6.;5.4.;6.1.;7.6.;8.3.;9.7.;10.5.;11.2.;12.7.,1,3
Mogyoró utca,-,-,-,-,0,4,1,2,3,1.11.;2.8.;3.8.;4.19.;5.10.;6.14.;7.12.;8.9.;9.13.;10.11.;11.15.;12.13.,2,2
Mohás utca,-,-,-,-,0,4,1,1,3,1.8.;2.5.;3.5.;4.9.;5.7.;6.4.;7.2.;8.6.;9.3.;10.1.;11.5.;12.3.,2,1
Mohostó utca,-,-,-,-,0,5,2,2,3,1.6.;2.3.;3.3.;4.7.;5.5.;6.2.;7.7.;8.4.;9.1.;10.6.;11.3.;12.1.,2,5
Mokri-Mészáros utca,-,-,-,-,0,2,1,2,3,1.11.;2.8.;3.8.;4.19.;5.10.;6.14.;7.12.;8.9.;9.13.;10.11.;11.15.;12.13.,2,2
Mongol utca,-,-,-,-,0,4,1,2,3,1.11.;2.8.;3.8.;4.19.;5.10.;6.14.;7.12.;8.9.;9.13.;10.11.;11.15.;12.13.,2,2
Mónus Illés utca,-,-,-,-,0,1,1,2,3,1.12.;2.9.;3.9.;4.13.;5.11.;6.15.;7.13.;8.10.;9.14.;10.12.;11.9.;12.14.,2,2
Móra Ferenc utca,-,-,-,-,0,1,1,1,3,1.8.;2.5.;3.5.;4.9.;5.7.;6.4.;7.2.;8.6.;9.3.;10.1.;11.5.;12.3.,2,1
Móricz Zsigmond utca,-,-,-,-,0,1,1,4,3,1.12.;2.9.;3.9.;4.13.;5.11.;6.15.;7.13.;8.10.;9.14.;10.12.;11.9.;12.14.,2,4
Muhi utca,-,-,-,-,0,4,1,2,3,1.11.;2.8.;3.8.;4.19.;5.10.;6.14.;7.12.;8.9.;9.13.;10.11.;11.15.;12.13.,2,2
Munkás utca,-,-,-,-,0,1,1,2,3,1.8.;2.5.;3.5.;4.9.;5.7.;6.4.;7.2.;8.6.;9.3.;10.1.;11.5.;12.3.,2,2
Mura utca,-,-,-,-,0,1,2,2,3,1.6.;2.3.;3.3.;4.7.;5.5.;6.2.;7.7.;8.4.;9.1.;10.6.;11.3.;12.1.,1,2
Muskátli utca,-,-,-,-,0,5,2,4,3,1.13.;2.10.;3.10.;4.14.;5.12.;6.9.;7.14.;8.11.;9.8.;10.13.;11.10.;12.8.,1,4
Muszkás oldal,-,-,-,-,0,2,1,4,3,1.12.;2.9.;3.9.;4.13.;5.11.;6.15.;7.13.;8.10.;9.14.;10.12.;11.9.;12.14.,2,4
Muszkás telep,-,-,-,-,0,2,1,4,3,1.12.;2.9.;3.9.;4.13.;5.11.;6.15.;7.13.;8.10.;9.14.;10.12.;11.9.;12.14.,2,4
Műhely utca,-,-,-,-,0,5,2,4,3,1.4.;2.1.;3.1.;4.12.;5.3.;6.7.;7.5.;8.2.;9.6.;10.4.;11.8.;12.6.,1,4
Nádas utca,-,-,-,-,0,5,2,1,3,1.4.;2.1.;3.1.;4.12.;5.3.;6.7.;7.5.;8.2.;9.6.;10.4.;11.8.;12.6.,1,1
Nádastó dűlő,-,-,-,-,0,1,1,3,3,1.11.;2.8.;3.8.;4.19.;5.10.;6.14.;7.12.;8.9.;9.13.;10.11.;11.15.;12.13.,2,3
Nagy Avas Alsó sor,-,-,-,-,0,3,1,4,3,1.7.;2.4.;3.4.;4.1.;5.6.;6.3.;7.1.;8.5.;9.2.;10.7.;11.4.;12.2.,2,4
Nagy Csermőke dűlő,-,-,-,-,0,3,,,,,,
Nagy Ferenc utca,-,-,-,-,0,4,2,4,,,1,4
Nagy Lajos király útja,-,-,-,-,0,2,1,2,3,1.8.;2.5.;3.5.;4.9.;5.7.;6.4.;7.2.;8.6.;9.3.;10.1.;11.5.;12.3.,2,2
Nagy László utca,-,-,-,-,0,5,2,2,3,1.6.;2.3.;3.3.;4.7.;5.5.;6.2.;7.7.;8.4.;9.1.;10.6.;11.3.;12.1.,2,5
Nagy Sándor utca,-,-,-,-,0,2,1,4,,,2,4
Nagyavas Alsó sor,-,-,-,-,0,3,1,4,3,1.7.;2.4.;3.4.;4.1.;5.6.;6.3.;7.1.;8.5.;9.2.;10.7.;11.4.;12.2.,2,4
Nagy-Avas felsősor,-,-,-,-,0,3,1,4,3,1.7.;2.4.;3.4.;4.1.;5.6.;6.3.;7.1.;8.5.;9.2.;10.7.;11.4.;12.2.,2,4
Nagyavasi sor,-,-,-,-,0,3,1,4,3,,2,4
Nagyavas-Közép sor,-,-,-,-,0,3,1,4,3,1.7.;2.4.;3.4.;4.1.;5.6.;6.3.;7.1.;8.5.;9.2.;10.7.;11.4.;12.2.,2,4
Nagykőkötő,-,-,-,-,0,5,,,,,,
Nagy-kőkötő utca,-,-,-,-,0,5,,,,,,
Nagymagashegy,-,-,-,-,0,3,1,2,3,1.5.;2.2.;3.2.;4.6.;5.4.;6.1.;7.6.;8.3.;9.7.;10.5.;11.2.;12.7.,2,2
Nagyszalonta utca,-,-,-,-,0,5,2,1,3,1.4.;2.1.;3.1.;4.12.;5.3.;6.7.;7.5.;8.2.;9.6.;10.4.;11.8.;12.6.,1,1
Nagyszebeni utca,-,-,-,-,0,5,2,1,3,1.4.;2.1.;3.1.;4.12.;5.3.;6.7.;7.5.;8.2.;9.6.;10.4.;11.8.;12.6.,1,1
Nagyszentbenedek dűlő,-,-,-,-,0,1,,,3,1.4.;2.1.;3.1.;4.12.;5.3.;6.7.;7.5.;8.2.;9.6.;10.4.;11.8.;12.6.,,
Nagyváradi utca,-,-,-,-,0,5,2,1,3,1.4.;2.1.;3.1.;4.12.;5.3.;6.7.;7.5.;8.2.;9.6.;10.4.;11.8.;12.6.,1,1
Nagyváthy János utca,-,-,-,-,0,2,1,4,3,1.7.;2.4.;3.4.;4.1.;5.6.;6.3.;7.1.;8.5.;9.2.;10.7.;11.4.;12.2.,2,4
Nándorfehérvári utca,-,-,-,-,0,5,2,1,3,1.4.;2.1.;3.1.;4.12.;5.3.;6.7.;7.5.;8.2.;9.6.;10.4.;11.8.;12.6.,1,1
Nap utca,-,-,-,-,0,2,1,4,3,1.12.;2.9.;3.9.;4.13.;5.11.;6.15.;7.13.;8.10.;9.14.;10.12.;11.9.;12.14.,2,4
Napfény utca,-,-,-,-,0,5,2,4,3,1.13.;2.10.;3.10.;4.14.;5.12.;6.9.;7.14.;8.11.;9.8.;10.13.;11.10.;12.8.,1,4
Napfürdő utca,-,-,-,-,0,5,2,4,3,1.13.;2.10.;3.10.;4.14.;5.12.;6.9.;7.14.;8.11.;9.8.;10.13.;11.10.;12.8.,1,4
Napraforgó utca,-,-,-,-,0,2,2,4,3,1.13.;2.10.;3.10.;4.14.;5.12.;6.9.;7.14.;8.11.;9.8.;10.13.;11.10.;12.8.,1,4
Napsugár utca,-,-,-,-,0,5,2,4,3,1.13.;2.10.;3.10.;4.14.;5.12.;6.9.;7.14.;8.11.;9.8.;10.13.;11.10.;12.8.,1,4
Nárcisz utca,-,-,-,-,0,5,2,4,3,1.4.;2.1.;3.1.;4.12.;5.3.;6.7.;7.5.;8.2.;9.6.;10.4.;11.8.;12.6.,1,4
Nefelejcs utca (3518),-,-,-,-,0,5,1,3,3,1.7.;2.4.;3.4.;4.1.;5.6.;6.3.;7.1.;8.5.;9.2.;10.7.;11.4.;12.2.,2,3
Nefelejcs utca (3530),-,-,-,-,0,2,1,4,3,1.7.;2.4.;3.4.;4.1.;5.6.;6.3.;7.1.;8.5.;9.2.;10.7.;11.4.;12.2.,2,4
Negyedik utca,-,-,-,-,0,1,1,3,3,1.12.;2.9.;3.9.;4.13.;5.11.;6.15.;7.13.;8.10.;9.14.;10.12.;11.9.;12.14.,2,3
Negyvennyolcas utca,-,-,-,-,0,5,2,1,3,1.4.;2.1.;3.1.;4.12.;5.3.;6.7.;7.5.;8.2.;9.6.;10.4.;11.8.;12.6.,1,1
Nehéz utca,-,-,-,-,0,3,1,4,3,1.12.;2.9.;3.9.;4.13.;5.11.;6.15.;7.13.;8.10.;9.14.;10.12.;11.9.;12.14.,2,4
Nemzetőr utca,-,-,-,-,0,5,1,4,3,1.12.;2.9.;3.9.;4.13.;5.11.;6.15.;7.13.;8.10.;9.14.;10.12.;11.9.;12.14.,2,4
Nimród utca,-,-,-,-,0,4,2,4,3,1.13.;2.10.;3.10.;4.14.;5.12.;6.9.;7.14.;8.11.;9.8.;10.13.;11.10.;12.8.,1,4
Nyár utca,-,-,-,-,0,2,1,2,3,1.8.;2.5.;3.5.;4.9.;5.7.;6.4.;7.2.;8.6.;9.3.;10.1.;11.5.;12.3.,2,2
Nyárfa utca,-,-,-,-,0,1,1,3,3,1.11.;2.8.;3.8.;4.19.;5.10.;6.14.;7.12.;8.9.;9.13.;10.11.;11.15.;12.13.,2,3
Nyírfa utca,-,-,-,-,0,5,1,4,3,1.13.;2.10.;3.10.;4.14.;5.12.;6.9.;7.14.;8.11.;9.8.;10.13.;11.10.;12.8.,2,4
Nyírjes utca,-,-,-,-,0,1,1,3,3,1.7.;2.4.;3.4.;4.1.;5.6.;6.3.;7.1.;8.5.;9.2.;10.7.;11.4.;12.2.,2,3
Nyitrai utca,-,-,-,-,0,4,2,3,3,1.5.;2.2.;3.2.;4.6.;5.4.;6.1.;7.6.;8.3.;9.7.;10.5.;11.2.;12.7.,1,3
Nyolcadik utca,-,-,-,-,0,1,,,,,,
Ó utca,-,-,-,-,0,2,1,3,3,1.12.;2.9.;3.9.;4.13.;5.11.;6.15.;7.13.;8.10.;9.14.;10.12.;11.9.;12.14.,2,3
Olvasztár utca,-,-,-,-,0,1,1,3,3,1.11.;2.8.;3.8.;4.19.;5.10.;6.14.;7.12.;8.9.;9.13.;10.11.;11.15.;12.13.,2,3
Ómassa utca,-,-,-,-,0,3,1,1,3,1.8.;2.5.;3.5.;4.9.;5.7.;6.4.;7.2.;8.6.;9.3.;10.1.;11.5.;12.3.,2,1
Orgona utca,-,-,-,-,0,1,1,3,3,1.11.;2.8.;3.8.;4.19.;5.10.;6.14.;7.12.;8.9.;9.13.;10.11.;11.15.;12.13.,2,3
Ottlik Géza utca,-,-,-,-,0,2,2,2,3,1.6.;2.3.;3.3.;4.7.;5.5.;6.2.;7.7.;8.4.;9.1.;10.6.;11.3.;12.1.,1,2
Óvoda utca,-,-,-,-,0,5,2,2,3,1.6.;2.3.;3.3.;4.7.;5.5.;6.2.;7.7.;8.4.;9.1.;10.6.;11.3.;12.1.,,2
Örömhegy tető,-,-,-,-,0,4,1,2,3,1.11.;2.8.;3.8.;4.19.;5.10.;6.14.;7.12.;8.9.;9.13.;10.11.;11.15.;12.13.,2,2
Örös utca,-,-,-,-,0,2,1,3,3,1.12.;2.9.;3.9.;4.13.;5.11.;6.15.;7.13.;8.10.;9.14.;10.12.;11.9.;12.14.,2,3
Örs utca,-,-,-,-,0,4,1,4,3,1.13.;2.10.;3.10.;4.14.;5.12.;6.9.;7.14.;8.11.;9.8.;10.13.;11.10.;12.8.,2,4
Ötödik utca,-,-,-,-,0,1,,,,,,
Őz utca,-,-,-,-,0,4,1,1,3,1.8.;2.5.;3.5.;4.9.;5.7.;6.4.;7.2.;8.6.;9.3.;10.1.;11.5.;12.3.,2,1
Őzugró dűlő,-,-,-,-,0,3,1,4,,,2,4
Őzugró utca,-,-,-,-,0,2,1,3,3,1.12.;2.9.;3.9.;4.13.;5.11.;6.15.;7.13.;8.10.;9.14.;10.12.;11.9.;12.14.,2,4
Pacsirta utca,-,-,-,-,0,5,2,4,3,1.13.;2.10.;3.10.;4.14.;5.12.;6.9.;7.14.;8.11.;9.8.;10.13.;11.10.;12.8.,1,4
Páfrány utca,-,-,-,-,0,2,1,2,3,1.8.;2.5.;3.5.;4.9.;5.7.;6.4.;7.2.;8.6.;9.3.;10.1.;11.5.;12.3.,2,2
Pajtás utca,-,-,-,-,0,1,1,3,3,1.11.;2.8.;3.8.;4.19.;5.10.;6.14.;7.12.;8.9.;9.13.;10.11.;11.15.;12.13.,2,3
Pákozd utca,-,-,-,-,0,1,2,3,3,1.5.;2.2.;3.2.;4.6.;5.4.;6.1.;7.6.;8.3.;9.7.;10.5.;11.2.;12.7.,1,3
Pál utca,-,-,-,-,0,4,1,4,3,1.13.;2.10.;3.10.;4.14.;5.12.;6.9.;7.14.;8.11.;9.8.;10.13.;11.10.;12.8.,2,4
Pálma utca,-,-,-,-,0,2,1,2,3,1.8.;2.5.;3.5.;4.9.;5.7.;6.4.;7.2.;8.6.;9.3.;10.1.;11.5.;12.3.,2,2
Palóczy László utca,-,-,-,-,0,2,2,4,3,1.7.;2.4.;3.4.;4.1.;5.6.;6.3.;7.1.;8.5.;9.2.;10.7.;11.4.;12.2.,1,4
Palota utca,-,-,-,-,0,2,1,1,3,1.8.;2.5.;3.5.;4.9.;5.7.;6.4.;7.2.;8.6.;9.3.;10.1.;11.5.;12.3.,2,1
Pálya utca,-,-,-,-,0,5,,,,,,
Páncél utca,-,-,-,-,0,1,2,2,3,1.6.;2.3.;3.3.;4.7.;5.5.;6.2.;7.7.;8.4.;9.1.;10.6.;11.3.;12.1.,1,2
Panoráma utca,-,-,-,-,0,1,2,1,3,1.4.;2.1.;3.1.;4.12.;5.3.;6.7.;7.5.;8.2.;9.6.;10.4.;11.8.;12.6.,1,1
Papír utca,-,-,-,-,0,2,1,1,3,1.8.;2.5.;3.5.;4.9.;5.7.;6.4.;7.2.;8.6.;9.3.;10.1.;11.5.;12.3.,2,1
Papszer utca,-,-,-,-,0,2,1,4,3,1.7.;2.4.;3.4.;4.1.;5.6.;6.3.;7.1.;8.5.;9.2.;10.7.;11.4.;12.2.,2,4
Partos utca,-,-,-,-,0,4,1,1,3,1.8.;2.5.;3.5.;4.9.;5.7.;6.4.;7.2.;8.6.;9.3.;10.1.;11.5.;12.3.,2,1
Páva utca,-,-,-,-,0,1,2,3,3,1.5.;2.2.;3.2.;4.6.;5.4.;6.1.;7.6.;8.3.;9.7.;10.5.;11.2.;12.7.,1,3
Pázsit utca,-,-,-,-,0,5,2,4,,,1,4
Pecérvölgy,-,-,-,-,0,2,1,2,3,1.8.;2.5.;3.5.;4.9.;5.7.;6.4.;7.2.;8.6.;9.3.;10.1.;11.5.;12.3.,2,2
Péch Antal utca,-,-,-,-,0,2,1,3,3,1.12.;2.9.;3.9.;4.13.;5.11.;6.15.;7.13.;8.10.;9.14.;10.12.;11.9.;12.14.,2,3
Perczel Mór utca,-,-,-,-,0,1,2,3,3,1.4.;2.1.;3.1.;4.12.;5.3.;6.7.;7.5.;8.2.;9.6.;10.4.;11.8.;12.6.,1,3
Pesti út,-,-,-,-,0,2,2,1,3,1.4.;2.1.;3.1.;4.12.;5.3.;6.7.;7.5.;8.2.;9.6.;10.4.;11.8.;12.6.,1,1
Petneházy Dávid utca,-,-,-,-,0,5,2,3,3,1.4.;2.1.;3.1.;4.12.;5.3.;6.7.;7.5.;8.2.;9.6.;10.4.;11.8.;12.6.,1,3
Petőfi Sándor tér,-,-,-,-,0,5,2,4,3,1.7.;2.4.;3.4.;4.1.;5.6.;6.3.;7.1.;8.5.;9.2.;10.7.;11.4.;12.2.,1,4
Petőfi Sándor utca,-,-,-,-,0,2,1,4,3,1.7.;2.4.;3.4.;4.1.;5.6.;6.3.;7.1.;8.5.;9.2.;10.7.;11.4.;12.2.,2,4
Pilinszky János utca,-,-,-,-,0,2,2,2,3,1.6.;2.3.;3.3.;4.7.;5.5.;6.2.;7.7.;8.4.;9.1.;10.6.;11.3.;12.1.,1,2
Pilis utca,-,-,-,-,0,2,2,4,3,1.13.;2.10.;3.10.;4.14.;5.12.;6.9.;7.14.;8.11.;9.8.;10.13.;11.10.;12.8.,1,4
Pillangó utca,-,-,-,-,0,1,2,1,3,1.4.;2.1.;3.1.;4.12.;5.3.;6.7.;7.5.;8.2.;9.6.;10.4.;11.8.;12.6.,1,1
Pingyom,-,-,-,-,0,1,-,-,-,-,-,-
Pingyom Avar utca,-,-,-,-,0,1,-,-,-,-,-,-
Pingyom Borostyán utca,-,-,-,-,0,1,-,-,-,-,-,-
Pingyom Farkas dűlő,-,-,-,-,0,1,-,-,-,-,-,-
Pingyom Felhő utca,-,-,-,-,0,1,-,-,-,-,-,-
Pingyom Füzes utca,-,-,-,-,0,1,-,-,-,-,-,-
Pingyom Galagonya utca,-,-,-,-,0,1,-,-,-,-,-,-
Pingyom Harmat utca,-,-,-,-,0,1,-,-,-,-,-,-
Pingyom Harsányi út,-,-,-,-,0,1,-,-,-,-,-,-
Pingyom Kökény utca,-,-,-,-,0,1,-,-,-,-,-,-
Pingyom Liget utca,-,-,-,-,0,1,-,-,-,-,-,-
Pingyom Major utca,-,-,-,-,0,1,-,-,-,-,-,-
Pingyom Muskátli utca,-,-,-,-,0,1,-,-,-,-,-,-
Pingyom Palánk dűlő,-,-,-,-,0,1,-,-,-,-,-,-
Pingyom Pillangó utca,-,-,-,-,0,1,-,-,-,-,-,-
Pingyom Szeder utca,-,-,-,-,0,1,-,-,-,-,-,-
Pingyom Tulipán utca,-,-,-,-,0,1,-,-,-,-,-,-
Pingyom Vadász utca,-,-,-,-,0,1,-,-,-,-,-,-
Pingyom Viola utca,-,-,-,-,0,1,-,-,-,-,-,-
Pingyom Zsák utca,-,-,-,-,0,1,-,-,-,-,-,-
Pingyom-Pacsirta utca,-,-,-,-,0,1,-,-,-,-,-,-
Pingyom-Szegfű utca,-,-,-,-,0,1,-,-,-,-,-,-
Pintes utca,-,-,-,-,0,2,2,4,3,1.13.;2.10.;3.10.;4.14.;5.12.;6.9.;7.14.;8.11.;9.8.;10.13.;11.10.;12.8.,1,4
Pipacs utca,-,-,-,-,0,5,2,2,3,1.6.;2.3.;3.3.;4.7.;5.5.;6.2.;7.7.;8.4.;9.1.;10.6.;11.3.;12.1.,,2
Platán utca,-,-,-,-,0,4,2,3,3,1.5.;2.2.;3.2.;4.6.;5.4.;6.1.;7.6.;8.3.;9.7.;10.5.;11.2.;12.7.,1,3
Pléh Sándor utca,-,-,-,-,0,2,1,3,3,1.12.;2.9.;3.9.;4.13.;5.11.;6.15.;7.13.;8.10.;9.14.;10.12.;11.9.;12.14.,2,3
Pólya Jenő utca,-,-,-,-,0,5,2,2,3,1.6.;2.3.;3.3.;4.7.;5.5.;6.2.;7.7.;8.4.;9.1.;10.6.;11.3.;12.1.,,2
Poprád utca,-,-,-,-,0,1,2,2,3,1.6.;2.3.;3.3.;4.7.;5.5.;6.2.;7.7.;8.4.;9.1.;10.6.;11.3.;12.1.,1,2
Pósa Lajos utca,-,-,-,-,0,2,2,2,3,1.6.;2.3.;3.3.;4.7.;5.5.;6.2.;7.7.;8.4.;9.1.;10.6.;11.3.;12.1.,1,2
Posta utca,-,-,-,-,0,5,2,2,3,1.6.;2.3.;3.3.;4.7.;5.5.;6.2.;7.7.;8.4.;9.1.;10.6.;11.3.;12.1.,,2
Pozsonyi utca,-,-,-,-,0,5,2,4,3,1.7.;2.4.;3.4.;4.1.;5.6.;6.3.;7.1.;8.5.;9.2.;10.7.;11.4.;12.2.,1,4
Pöltenberg Ernő utca,-,-,-,-,0,2,2,1,3,1.4.;2.1.;3.1.;4.12.;5.3.;6.7.;7.5.;8.2.;9.6.;10.4.;11.8.;12.6.,1,1
Próbatétel utca,-,-,-,-,0,1,2,1,3,1.4.;2.1.;3.1.;4.12.;5.3.;6.7.;7.5.;8.2.;9.6.;10.4.;11.8.;12.6.,1,1
Puskás Tivadar utca,-,-,-,-,0,1,1,1,3,1.8.;2.5.;3.5.;4.9.;5.7.;6.4.;7.2.;8.6.;9.3.;10.1.;11.5.;12.3.,2,1
Puskin utca,-,-,-,-,0,1,1,3,3,1.8.;2.5.;3.5.;4.9.;5.7.;6.4.;7.2.;8.6.;9.3.;10.1.;11.5.;12.3.,2,3
Pusztaszeri utca,-,-,-,-,0,5,2,1,3,1.4.;2.1.;3.1.;4.12.;5.3.;6.7.;7.5.;8.2.;9.6.;10.4.;11.8.;12.6.,1,1
"Pünkösdhegy (14-18, 15-17)",-,-,-,-,0,5,1,3,3,1.12.;2.9.;3.9.;4.13.;5.11.;6.15.;7.13.;8.10.;9.14.;10.12.;11.9.;12.14.,2,3
Pünkösdhegy (helyrajzi számos rész),-,-,-,-,0,3,1,3,3,1.12.;2.9.;3.9.;4.13.;5.11.;6.15.;7.13.;8.10.;9.14.;10.12.;11.9.;12.14.,2,3
Pünkösdhegy Gerbera utca,-,-,-,-,0,3,1,3,,,2,3
Pünkösdhegy Jácint utca,-,-,-,-,0,3,1,3,,,2,3
Pünkösdhegy Tulipán út,-,-,-,-,0,3,-,-,-,-,-,-
Püspöklak utca,-,-,-,-,0,1,2,3,3,1.5.;2.2.;3.2.;4.6.;5.4.;6.1.;7.6.;8.3.;9.7.;10.5.;11.2.;12.7.,1,3
Rába utca,-,-,-,-,0,1,2,2,3,1.6.;2.3.;3.3.;4.7.;5.5.;6.2.;7.7.;8.4.;9.1.;10.6.;11.3.;12.1.,1,2
Rácz Ádám utca,-,-,-,-,0,4,1,4,3,1.13.;2.10.;3.10.;4.14.;5.12.;6.9.;7.14.;8.11.;9.8.;10.13.;11.10.;12.8.,2,4
Radnóti Miklós utca,-,-,-,-,0,2,2,2,3,1.6.;2.3.;3.3.;4.7.;5.5.;6.2.;7.7.;8.4.;9.1.;10.6.;11.3.;12.1.,1,2
Rák utca,-,-,-,-,0,5,2,2,3,1.6.;2.3.;3.3.;4.7.;5.5.;6.2.;7.7.;8.4.;9.1.;10.6.;11.3.;12.1.,,2
Rákóczi Ferenc utca,-,-,-,-,0,2,1,4,3,1.7.;2.4.;3.4.;4.1.;5.6.;6.3.;7.1.;8.5.;9.2.;10.7.;11.4.;12.2.,2,4
Régész utca,-,-,-,-,0,1,2,2,3,1.6.;2.3.;3.3.;4.7.;5.5.;6.2.;7.7.;8.4.;9.1.;10.6.;11.3.;12.1.,1,2
Régiposta utca,-,-,-,-,0,1,2,4,3,1.7.;2.4.;3.4.;4.1.;5.6.;6.3.;7.1.;8.5.;9.2.;10.7.;11.4.;12.2.,1,4
Reisinger Ferenc utca,-,-,-,-,0,2,1,4,3,1.12.;2.9.;3.9.;4.13.;5.11.;6.15.;7.13.;8.10.;9.14.;10.12.;11.9.;12.14.,2,4
Reményi Ede utca,-,-,-,-,0,2,1,4,3,1.7.;2.4.;3.4.;4.1.;5.6.;6.3.;7.1.;8.5.;9.2.;10.7.;11.4.;12.2.,2,4
Repülőtéri út,-,-,-,-,0,2,2,4,3,1.7.;2.4.;3.4.;4.1.;5.6.;6.3.;7.1.;8.5.;9.2.;10.7.;11.4.;12.2.,1,4
Rét utca,-,-,-,-,0,2,2,2,3,1.6.;2.3.;3.3.;4.7.;5.5.;6.2.;7.7.;8.4.;9.1.;10.6.;11.3.;12.1.,1,2
Retek utca,-,-,-,-,0,5,2,2,3,1.6.;2.3.;3.3.;4.7.;5.5.;6.2.;7.7.;8.4.;9.1.;10.6.;11.3.;12.1.,,2
Réz utca,-,-,-,-,0,2,1,4,3,1.13.;2.10.;3.10.;4.14.;5.12.;6.9.;7.14.;8.11.;9.8.;10.13.;11.10.;12.8.,2,4
Rézműves utca,-,-,-,-,0,5,2,3,3,1.5.;2.2.;3.2.;4.6.;5.4.;6.1.;7.6.;8.3.;9.7.;10.5.;11.2.;12.7.,1,3
Rigó utca,-,-,-,-,0,2,1,1,3,1.8.;2.5.;3.5.;4.9.;5.7.;6.4.;7.2.;8.6.;9.3.;10.1.;11.5.;12.3.,2,1
Rodostó utca,-,-,-,-,0,5,2,1,3,1.4.;2.1.;3.1.;4.12.;5.3.;6.7.;7.5.;8.2.;9.6.;10.4.;11.8.;12.6.,1,1
Róna utca,-,-,-,-,0,1,1,3,3,1.12.;2.9.;3.9.;4.13.;5.11.;6.15.;7.13.;8.10.;9.14.;10.12.;11.9.;12.14.,2,3
Rozgonyi Piroska utca,-,-,-,-,0,1,1,1,3,1.8.;2.5.;3.5.;4.9.;5.7.;6.4.;7.2.;8.6.;9.3.;10.1.;11.5.;12.3.,2,1
Rozmaring utca,-,-,-,-,0,5,2,1,3,1.4.;2.1.;3.1.;4.12.;5.3.;6.7.;7.5.;8.2.;9.6.;10.4.;11.8.;12.6.,1,1
Rózsa utca,-,-,-,-,0,4,1,1,3,1.8.;2.5.;3.5.;4.9.;5.7.;6.4.;7.2.;8.6.;9.3.;10.1.;11.5.;12.3.,2,1
Rózsás dűlő,-,-,-,-,0,2,-,-,-,-,-,-
Rózsavölgyi utca,-,-,-,-,0,2,2,1,3,1.4.;2.1.;3.1.;4.12.;5.3.;6.7.;7.5.;8.2.;9.6.;10.4.;11.8.;12.6.,1,1
Rozsnyói utca,-,-,-,-,0,4,2,3,3,1.5.;2.2.;3.2.;4.6.;5.4.;6.1.;7.6.;8.3.;9.7.;10.5.;11.2.;12.7.,1,3
Ruzsini utca,-,-,-,-,0,2,1,4,3,1.12.;2.9.;3.9.;4.13.;5.11.;6.15.;7.13.;8.10.;9.14.;10.12.;11.9.;12.14.,2,4
Ruzsinszőlő dűlő,-,-,-,-,0,3,,,3,1.5.;2.2.;3.2.;4.6.;5.4.;6.1.;7.6.;8.3.;9.7.;10.5.;11.2.;12.7.,,
Sajó utca,-,-,-,-,0,5,2,4,3,1.7.;2.4.;3.4.;4.1.;5.6.;6.3.;7.1.;8.5.;9.2.;10.7.;11.4.;12.2.,1,4
Sajószigeti utca,-,-,-,-,0,2,2,4,3,1.7.;2.4.;3.4.;4.1.;5.6.;6.3.;7.1.;8.5.;9.2.;10.7.;11.4.;12.2.,1,4
Salétrom utca,-,-,-,-,0,2,1,4,3,1.12.;2.9.;3.9.;4.13.;5.11.;6.15.;7.13.;8.10.;9.14.;10.12.;11.9.;12.14.,2,4
Sándor utca,-,-,-,-,0,2,1,3,3,1.12.;2.9.;3.9.;4.13.;5.11.;6.15.;7.13.;8.10.;9.14.;10.12.;11.9.;12.14.,2,3
Sarolta utca,-,-,-,-,0,1,2,4,3,1.7.;2.4.;3.4.;4.1.;5.6.;6.3.;7.1.;8.5.;9.2.;10.7.;11.4.;12.2.,1,4
Sárosi Gyula utca,-,-,-,-,0,5,2,2,3,1.6.;2.3.;3.3.;4.7.;5.5.;6.2.;7.7.;8.4.;9.1.;10.6.;11.3.;12.1.,,2
Sas utca,-,-,-,-,0,4,1,1,3,1.8.;2.5.;3.5.;4.9.;5.7.;6.4.;7.2.;8.6.;9.3.;10.1.;11.5.;12.3.,2,1
Sás utca,-,-,-,-,0,1,1,3,3,1.11.;2.8.;3.8.;4.19.;5.10.;6.14.;7.12.;8.9.;9.13.;10.11.;11.15.;12.13.,2,3
Sátor utca,-,-,-,-,0,1,2,1,3,1.4.;2.1.;3.1.;4.12.;5.3.;6.7.;7.5.;8.2.;9.6.;10.4.;11.8.;12.6.,1,1
Schweidel József utca,-,-,-,-,0,2,1,4,3,1.12.;2.9.;3.9.;4.13.;5.11.;6.15.;7.13.;8.10.;9.14.;10.12.;11.9.;12.14.,2,4
Segesvári utca,-,-,-,-,0,5,2,1,3,1.4.;2.1.;3.1.;4.12.;5.3.;6.7.;7.5.;8.2.;9.6.;10.4.;11.8.;12.6.,1,1
Sellő dűlő,-,-,-,-,0,4,2,3,3,1.13.;2.10.;3.10.;4.14.;5.12.;6.9.;7.14.;8.11.;9.8.;10.13.;11.10.;12.8.,1,3
Sellő utca,-,-,-,-,0,2,2,4,3,1.5.;2.2.;3.2.;4.6.;5.4.;6.1.;7.6.;8.3.;9.7.;10.5.;11.2.;12.7.,1,4
Semmelweis Ignác utca,-,-,-,-,0,5,2,3,3,1.4.;2.1.;3.1.;4.12.;5.3.;6.7.;7.5.;8.2.;9.6.;10.4.;11.8.;12.6.,1,3
Sibrik Miklós utca,-,-,-,-,0,5,2,3,3,1.4.;2.1.;3.1.;4.12.;5.3.;6.7.;7.5.;8.2.;9.6.;10.4.;11.8.;12.6.,1,3
Sik utca,-,-,-,-,0,2,2,2,3,1.6.;2.3.;3.3.;4.7.;5.5.;6.2.;7.7.;8.4.;9.1.;10.6.;11.3.;12.1.,1,2
Simándy Pál utca,-,-,-,-,0,2,2,1,3,1.4.;2.1.;3.1.;4.12.;5.3.;6.7.;7.5.;8.2.;9.6.;10.4.;11.8.;12.6.,1,1
Sió utca,-,-,-,-,0,2,2,2,3,1.6.;2.3.;3.3.;4.7.;5.5.;6.2.;7.7.;8.4.;9.1.;10.6.;11.3.;12.1.,1,2
Síp utca,-,-,-,-,0,1,2,1,3,1.4.;2.1.;3.1.;4.12.;5.3.;6.7.;7.5.;8.2.;9.6.;10.4.;11.8.;12.6.,1,1
Sirály utca,-,-,-,-,0,1,2,3,3,1.5.;2.2.;3.2.;4.6.;5.4.;6.1.;7.6.;8.3.;9.7.;10.5.;11.2.;12.7.,1,3
Soltész Nagy Kálmán utca,-,-,-,-,0,1,2,4,3,1.4.;2.1.;3.1.;4.12.;5.3.;6.7.;7.5.;8.2.;9.6.;10.4.;11.8.;12.6.,1,4
Sólyom utca,-,-,-,-,0,2,2,4,3,1.13.;2.10.;3.10.;4.14.;5.12.;6.9.;7.14.;8.11.;9.8.;10.13.;11.10.;12.8.,1,4
Som utca,-,-,-,-,0,5,1,3,3,1.12.;2.9.;3.9.;4.13.;5.11.;6.15.;7.13.;8.10.;9.14.;10.12.;11.9.;12.14.,2,3
Somlay Artur utca,-,-,-,-,0,5,2,2,3,1.6.;2.3.;3.3.;4.7.;5.5.;6.2.;7.7.;8.4.;9.1.;10.6.;11.3.;12.1.,,2
Somlyó Zoltán utca,-,-,-,-,0,1,1,1,3,1.8.;2.5.;3.5.;4.9.;5.7.;6.4.;7.2.;8.6.;9.3.;10.1.;11.5.;12.3.,2,1
Sorompó utca,-,-,-,-,0,1,2,2,-,-,1,2
Stromfeld Aurél utca,-,-,-,-,0,2,-,-,3,1.6.;2.3.;3.3.;4.7.;5.5.;6.2.;7.7.;8.4.;9.1.;10.6.;11.3.;12.1.,-,-
Sugár utca,-,-,-,-,0,4,1,2,3,1.8.;2.5.;3.5.;4.9.;5.7.;6.4.;7.2.;8.6.;9.3.;10.1.;11.5.;12.3.,2,2
Sütő János utca,-,-,-,-,0,5,2,1,3,1.4.;2.1.;3.1.;4.12.;5.3.;6.7.;7.5.;8.2.;9.6.;10.4.;11.8.;12.6.,1,1
Szabadság utca,-,-,-,-,0,1,1,4,3,1.12.;2.9.;3.9.;4.13.;5.11.;6.15.;7.13.;8.10.;9.14.;10.12.;11.9.;12.14.,2,4
Szabadságharc utca,-,-,-,-,0,5,2,3,3,1.4.;2.1.;3.1.;4.12.;5.3.;6.7.;7.5.;8.2.;9.6.;10.4.;11.8.;12.6.,1,3
"Szabó Ervin utca (Kivéve 61/A - 67/A, 47 sz. és Lovarda)",-,-,-,-,0,2,2,1,3,1.4.;2.1.;3.1.;4.12.;5.3.;6.7.;7.5.;8.2.;9.6.;10.4.;11.8.;12.6.,1,1
"Szabó Ervin utca (61/A - 67/A, 47 sz. és Lovarda)",-,-,-,-,0,4,2,1,3,1.4.;2.1.;3.1.;4.12.;5.3.;6.7.;7.5.;8.2.;9.6.;10.4.;11.8.;12.6.,1,1
Szabó Károly utca,-,-,-,-,0,4,2,1,3,1.4.;2.1.;3.1.;4.12.;5.3.;6.7.;7.5.;8.2.;9.6.;10.4.;11.8.;12.6.,1,1
Szabó Zoltán utca,-,-,-,-,0,2,2,1,3,1.4.;2.1.;3.1.;4.12.;5.3.;6.7.;7.5.;8.2.;9.6.;10.4.;11.8.;12.6.,1,1
Szacsvay Imre utca,-,-,-,-,0,5,2,2,3,1.6.;2.3.;3.3.;4.7.;5.5.;6.2.;7.7.;8.4.;9.1.;10.6.;11.3.;12.1.,1,2
Szalay András utca,-,-,-,-,0,5,2,2,3,1.6.;2.3.;3.3.;4.7.;5.5.;6.2.;7.7.;8.4.;9.1.;10.6.;11.3.;12.1.,1,2
Szalay Lajos utca,-,-,-,-,0,2,2,2,3,1.6.;2.3.;3.3.;4.7.;5.5.;6.2.;7.7.;8.4.;9.1.;10.6.;11.3.;12.1.,1,2
Szamóca köz,-,-,-,-,0,4,2,1,3,1.4.;2.1.;3.1.;4.12.;5.3.;6.7.;7.5.;8.2.;9.6.;10.4.;11.8.;12.6.,1,1
Szamos utca,-,-,-,-,0,4,1,4,3,1.12.;2.9.;3.9.;4.13.;5.11.;6.15.;7.13.;8.10.;9.14.;10.12.;11.9.;12.14.,2,4
Szántó Kovács János utca,-,-,-,-,0,1,1,3,3,1.11.;2.8.;3.8.;4.19.;5.10.;6.14.;7.12.;8.9.;9.13.;10.11.;11.15.;12.13.,2,3
Szarkahegy,-,-,-,-,0,1,1,4,3,1.12.;2.9.;3.9.;4.13.;5.11.;6.15.;7.13.;8.10.;9.14.;10.12.;11.9.;12.14.,2,4
Szarkahegy - Szegfű utca,-,-,-,-,0,3,1,4,3,1.12.;2.9.;3.9.;4.13.;5.11.;6.15.;7.13.;8.10.;9.14.;10.12.;11.9.;12.14.,2,4
Szarkahegy Dália utca,-,-,-,-,0,3,1,4,3,1.12.;2.9.;3.9.;4.13.;5.11.;6.15.;7.13.;8.10.;9.14.;10.12.;11.9.;12.14.,2,4
Szarkahegy Orgona utca,-,-,-,-,0,1,1,4,3,1.12.;2.9.;3.9.;4.13.;5.11.;6.15.;7.13.;8.10.;9.14.;10.12.;11.9.;12.14.,2,4
Szarkahegy Rózsa utca,-,-,-,-,0,1,1,4,3,1.12.;2.9.;3.9.;4.13.;5.11.;6.15.;7.13.;8.10.;9.14.;10.12.;11.9.;12.14.,2,4
Szarkahegy-Fenyő utca,-,-,-,-,0,1,1,4,3,1.12.;2.9.;3.9.;4.13.;5.11.;6.15.;7.13.;8.10.;9.14.;10.12.;11.9.;12.14.,2,4
Szathmáry Király Pál utca,-,-,-,-,0,4,2,3,3,1.5.;2.2.;3.2.;4.6.;5.4.;6.1.;7.6.;8.3.;9.7.;10.5.;11.2.;12.7.,1,3
Százszorszép utca,-,-,-,-,0,5,2,4,3,1.13.;2.10.;3.10.;4.14.;5.12.;6.9.;7.14.;8.11.;9.8.;10.13.;11.10.;12.8.,1,4
Szebeni utca,-,-,-,-,0,4,2,3,3,1.5.;2.2.;3.2.;4.6.;5.4.;6.1.;7.6.;8.3.;9.7.;10.5.;11.2.;12.7.,1,3
Széchenyi István út,-,-,-,-,0,1,2,4,3,1.7.;2.4.;3.4.;4.1.;5.6.;6.3.;7.1.;8.5.;9.2.;10.7.;11.4.;12.2.,1,4
Szeder utca,-,-,-,-,0,1,1,3,3,1.11.;2.8.;3.8.;4.19.;5.10.;6.14.;7.12.;8.9.;9.13.;10.11.;11.15.;12.13.,2,3
Szegedi utca,-,-,-,-,0,1,1,3,3,1.11.;2.8.;3.8.;4.19.;5.10.;6.14.;7.12.;8.9.;9.13.;10.11.;11.15.;12.13.,2,3
Szegfű út,-,-,-,-,0,3,1,4,3,1.7.;2.4.;3.4.;4.1.;5.6.;6.3.;7.1.;8.5.;9.2.;10.7.;11.4.;12.2.,2,4
Szegfű utca,-,-,-,-,0,3,2,4,3,1.13.;2.10.;3.10.;4.14.;5.12.;6.9.;7.14.;8.11.;9.8.;10.13.;11.10.;12.8.,1,4
Székely utca,-,-,-,-,0,1,1,1,3,1.8.;2.5.;3.5.;4.9.;5.7.;6.4.;7.2.;8.6.;9.3.;10.1.;11.5.;12.3.,2,1
Szekerész utca,-,-,-,-,0,5,2,4,3,1.7.;2.4.;3.4.;4.1.;5.6.;6.3.;7.1.;8.5.;9.2.;10.7.;11.4.;12.2.,1,4
Szeles utca,-,-,-,-,0,4,2,4,3,1.7.;2.4.;3.4.;4.1.;5.6.;6.3.;7.1.;8.5.;9.2.;10.7.;11.4.;12.2.,1,4
Szeleta utca,-,-,-,-,0,1,1,1,3,1.8.;2.5.;3.5.;4.9.;5.7.;6.4.;7.2.;8.6.;9.3.;10.1.;11.5.;12.3.,2,1
Szén utca,-,-,-,-,0,2,1,3,3,1.12.;2.9.;3.9.;4.13.;5.11.;6.15.;7.13.;8.10.;9.14.;10.12.;11.9.;12.14.,2,3
Szendrei János utca,-,-,-,-,0,5,2,4,3,1.7.;2.4.;3.4.;4.1.;5.6.;6.3.;7.1.;8.5.;9.2.;10.7.;11.4.;12.2.,1,4
Szénfy Gusztáv utca,-,-,-,-,0,1,2,2,3,1.6.;2.3.;3.3.;4.7.;5.5.;6.2.;7.7.;8.4.;9.1.;10.6.;11.3.;12.1.,1,2
Szent Anna utca,-,-,-,-,0,5,2,4,3,1.13.;2.10.;3.10.;4.14.;5.12.;6.9.;7.14.;8.11.;9.8.;10.13.;11.10.;12.8.,1,4
Szent Benedek köz,-,-,-,-,0,4,-,-,-,-,-,-
Szent Imre tér,-,-,-,-,0,4,1,4,3,1.13.;2.10.;3.10.;4.14.;5.12.;6.9.;7.14.;8.11.;9.8.;10.13.;11.10.;12.8.,2,4
Szent László utca,-,-,-,-,0,4,2,4,3,1.13.;2.10.;3.10.;4.14.;5.12.;6.9.;7.14.;8.11.;9.8.;10.13.;11.10.;12.8.,1,4
Szentbenedek-Hegyi utca,-,-,-,-,0,4,-,-,-,-,-,-
Szentistványi utca,-,-,-,-,0,5,1,3,3,1.12.;2.9.;3.9.;4.13.;5.11.;6.15.;7.13.;8.10.;9.14.;10.12.;11.9.;12.14.,2,3
Szentpáli utca,-,-,-,-,0,4,2,4,3,1.7.;2.4.;3.4.;4.1.;5.6.;6.3.;7.1.;8.5.;9.2.;10.7.;11.4.;12.2.,1,4
Szentpéteri kapu,-,-,-,-,0,1,2,4,3,1.7.;2.4.;3.4.;4.1.;5.6.;6.3.;7.1.;8.5.;9.2.;10.7.;11.4.;12.2.,1,4
Szép utca,-,-,-,-,0,5,2,2,3,1.6.;2.3.;3.3.;4.7.;5.5.;6.2.;7.7.;8.4.;9.1.;10.6.;11.3.;12.1.,,2
Szepessy Pál utca,-,-,-,-,0,5,2,4,3,1.13.;2.10.;3.10.;4.14.;5.12.;6.9.;7.14.;8.11.;9.8.;10.13.;11.10.;12.8.,1,4
Szépvölgy utca,-,-,-,-,0,4,1,1,3,1.8.;2.5.;3.5.;4.9.;5.7.;6.4.;7.2.;8.6.;9.3.;10.1.;11.5.;12.3.,2,1
Szerb Antal utca,-,-,-,-,0,5,2,2,3,1.6.;2.3.;3.3.;4.7.;5.5.;6.2.;7.7.;8.4.;9.1.;10.6.;11.3.;12.1.,,2
Szerdahelyi Kálmán utca,-,-,-,-,0,4,1,4,3,1.12.;2.9.;3.9.;4.13.;5.11.;6.15.;7.13.;8.10.;9.14.;10.12.;11.9.;12.14.,2,4
Szeretet utca,-,-,-,-,0,5,2,1,3,1.4.;2.1.;3.1.;4.12.;5.3.;6.7.;7.5.;8.2.;9.6.;10.4.;11.8.;12.6.,1,1
Szervezet utca,-,-,-,-,0,2,1,2,3,1.11.;2.8.;3.8.;4.19.;5.10.;6.14.;7.12.;8.9.;9.13.;10.11.;11.15.;12.13.,2,2
Szigethy Mihály utca,-,-,-,-,0,5,2,3,3,1.4.;2.1.;3.1.;4.12.;5.3.;6.7.;7.5.;8.2.;9.6.;10.4.;11.8.;12.6.,1,3
Szigligeti Ede tér,-,-,-,-,0,5,2,3,3,1.4.;2.1.;3.1.;4.12.;5.3.;6.7.;7.5.;8.2.;9.6.;10.4.;11.8.;12.6.,1,3
Szikla utca,-,-,-,-,0,1,1,1,3,1.8.;2.5.;3.5.;4.9.;5.7.;6.4.;7.2.;8.6.;9.3.;10.1.;11.5.;12.3.,2,1
Szilágyi Dezső utca,-,-,-,-,0,5,2,3,3,1.4.;2.1.;3.1.;4.12.;5.3.;6.7.;7.5.;8.2.;9.6.;10.4.;11.8.;12.6.,1,3
Szilvásvölgy,-,-,-,-,0,4,-,-,-,-,-,-
Szinva utca,-,-,-,-,0,5,2,4,3,1.7.;2.4.;3.4.;4.1.;5.6.;6.3.;7.1.;8.5.;9.2.;10.7.;11.4.;12.2.,1,4
Szirmai utca,-,-,-,-,0,5,2,1,3,1.4.;2.1.;3.1.;4.12.;5.3.;6.7.;7.5.;8.2.;9.6.;10.4.;11.8.;12.6.,1,1
Szirmay Antal utca,-,-,-,-,0,5,2,2,3,1.6.;2.3.;3.3.;4.7.;5.5.;6.2.;7.7.;8.4.;9.1.;10.6.;11.3.;12.1.,,2
Szirom utca,-,-,-,-,0,5,1,3,3,1.12.;2.9.;3.9.;4.13.;5.11.;6.15.;7.13.;8.10.;9.14.;10.12.;11.9.;12.14.,2,3
Szitakötő utca,-,-,-,-,0,1,2,3,3,1.5.;2.2.;3.2.;4.6.;5.4.;6.1.;7.6.;8.3.;9.7.;10.5.;11.2.;12.7.,1,3
Szivárvány utca,-,-,-,-,0,5,2,4,3,1.13.;2.10.;3.10.;4.14.;5.12.;6.9.;7.14.;8.11.;9.8.;10.13.;11.10.;12.8.,1,4
Szolártsik Sándor tér,-,-,-,-,0,2,2,1,3,1.4.;2.1.;3.1.;4.12.;5.3.;6.7.;7.5.;8.2.;9.6.;10.4.;11.8.;12.6.,1,1
Szondy György utca,-,-,-,-,0,2,2,4,3,1.7.;2.4.;3.4.;4.1.;5.6.;6.3.;7.1.;8.5.;9.2.;10.7.;11.4.;12.2.,1,4
Szózat utca,-,-,-,-,0,5,2,1,3,1.4.;2.1.;3.1.;4.12.;5.3.;6.7.;7.5.;8.2.;9.6.;10.4.;11.8.;12.6.,1,1
Szőlő utca,-,-,-,-,0,4,2,1,3,1.4.;2.1.;3.1.;4.12.;5.3.;6.7.;7.5.;8.2.;9.6.;10.4.;11.8.;12.6.,1,1
Szövő utca,-,-,-,-,0,2,1,4,3,1.12.;2.9.;3.9.;4.13.;5.11.;6.15.;7.13.;8.10.;9.14.;10.12.;11.9.;12.14.,2,4
Szrog Sámuel utca,-,-,-,-,0,1,2,2,3,1.6.;2.3.;3.3.;4.7.;5.5.;6.2.;7.7.;8.4.;9.1.;10.6.;11.3.;12.1.,1,2
Szűcs Sándor utca,-,-,-,-,0,2,2,1,3,1.4.;2.1.;3.1.;4.12.;5.3.;6.7.;7.5.;8.2.;9.6.;10.4.;11.8.;12.6.,1,1
Szűrcsapó utca,-,-,-,-,0,5,2,3,3,1.5.;2.2.;3.2.;4.6.;5.4.;6.1.;7.6.;8.3.;9.7.;10.5.;11.2.;12.7.,1,3
Tábortűz utca,-,-,-,-,0,1,2,1,3,1.4.;2.1.;3.1.;4.12.;5.3.;6.7.;7.5.;8.2.;9.6.;10.4.;11.8.;12.6.,1,1
Tag utca,-,-,-,-,0,2,2,4,3,1.13.;2.10.;3.10.;4.14.;5.12.;6.9.;7.14.;8.11.;9.8.;10.13.;11.10.;12.8.,1,4
Taksony utca,-,-,-,-,0,2,1,3,3,1.12.;2.9.;3.9.;4.13.;5.11.;6.15.;7.13.;8.10.;9.14.;10.12.;11.9.;12.14.,2,3
Takta utca,-,-,-,-,0,1,2,2,3,1.6.;2.3.;3.3.;4.7.;5.5.;6.2.;7.7.;8.4.;9.1.;10.6.;11.3.;12.1.,1,2
Tallér utca,-,-,-,-,0,5,2,1,3,1.4.;2.1.;3.1.;4.12.;5.3.;6.7.;7.5.;8.2.;9.6.;10.4.;11.8.;12.6.,1,1
Tamási Áron utca,-,-,-,-,0,1,1,4,3,1.12.;2.9.;3.9.;4.13.;5.11.;6.15.;7.13.;8.10.;9.14.;10.12.;11.9.;12.14.,2,4
Tampere lépcső,-,-,-,-,0,1,-,-,-,-,-,-
Táncihegy,-,-,-,-,0,5,-,-,-,-,-,-
Táncsics Mihály tér,-,-,-,-,0,2,1,2,3,1.8.;2.5.;3.5.;4.9.;5.7.;6.4.;7.2.;8.6.;9.3.;10.1.;11.5.;12.3.,2,2
Tanító utca,-,-,-,-,0,1,2,3,3,1.5.;2.2.;3.2.;4.6.;5.4.;6.1.;7.6.;8.3.;9.7.;10.5.;11.2.;12.7.,1,3
Tapolcai utca,-,-,-,-,0,4,2,1,3,1.4.;2.1.;3.1.;4.12.;5.3.;6.7.;7.5.;8.2.;9.6.;10.4.;11.8.;12.6.,1,1
Tapolcarét,-,-,-,-,0,1,1,1,3,1.8.;2.5.;3.5.;4.9.;5.7.;6.4.;7.2.;8.6.;9.3.;10.1.;11.5.;12.3.,2,1
Tapoly utca,-,-,-,-,0,1,2,2,3,1.6.;2.3.;3.3.;4.7.;5.5.;6.2.;7.7.;8.4.;9.1.;10.6.;11.3.;12.1.,1,2
Tárkányi Béla utca,-,-,-,-,0,2,2,4,3,1.7.;2.4.;3.4.;4.1.;5.6.;6.3.;7.1.;8.5.;9.2.;10.7.;11.4.;12.2.,1,4
Tarló utca,-,-,-,-,0,2,2,2,3,1.6.;2.3.;3.3.;4.7.;5.5.;6.2.;7.7.;8.4.;9.1.;10.6.;11.3.;12.1.,1,2
Tárna tér,-,-,-,-,0,2,1,3,3,1.12.;2.9.;3.9.;4.13.;5.11.;6.15.;7.13.;8.10.;9.14.;10.12.;11.9.;12.14.,2,3
Tarna utca,-,-,-,-,0,1,-,-,-,-,-,-
Tárogató utca,-,-,-,-,0,4,2,1,3,1.4.;2.1.;3.1.;4.12.;5.3.;6.7.;7.5.;8.2.;9.6.;10.4.;11.8.;12.6.,1,1
Tartsay Vilmos utca,-,-,-,-,0,5,2,2,3,1.6.;2.3.;3.3.;4.7.;5.5.;6.2.;7.7.;8.4.;9.1.;10.6.;11.3.;12.1.,,2
Tass utca,-,-,-,-,0,4,2,4,3,1.7.;2.4.;3.4.;4.1.;5.6.;6.3.;7.1.;8.5.;9.2.;10.7.;11.4.;12.2.,1,4
Tatár köz,-,-,-,-,0,4,1,2,3,1.11.;2.8.;3.8.;4.19.;5.10.;6.14.;7.12.;8.9.;9.13.;10.11.;11.15.;12.13.,2,2
Tatár utca,-,-,-,-,0,2,1,4,3,1.12.;2.9.;3.9.;4.13.;5.11.;6.15.;7.13.;8.10.;9.14.;10.12.;11.9.;12.14.,2,4
Tatárárok utca,-,-,-,-,0,4,1,2,3,1.11.;2.8.;3.8.;4.19.;5.10.;6.14.;7.12.;8.9.;9.13.;10.11.;11.15.;12.13.,2,2
Tátra utca,-,-,-,-,0,5,1,4,3,1.12.;2.9.;3.9.;4.13.;5.11.;6.15.;7.13.;8.10.;9.14.;10.12.;11.9.;12.14.,2,4
Tavirózsa utca,-,-,-,-,0,1,2,2,3,1.6.;2.3.;3.3.;4.7.;5.5.;6.2.;7.7.;8.4.;9.1.;10.6.;11.3.;12.1.,1,2
Técsey Ferenc utca,-,-,-,-,0,2,1,3,3,1.12.;2.9.;3.9.;4.13.;5.11.;6.15.;7.13.;8.10.;9.14.;10.12.;11.9.;12.14.,2,3
Tégla utca,-,-,-,-,0,2,2,1,3,1.4.;2.1.;3.1.;4.12.;5.3.;6.7.;7.5.;8.2.;9.6.;10.4.;11.8.;12.6.,1,1
Teleki Blanka utca,-,-,-,-,0,2,1,4,3,1.7.;2.4.;3.4.;4.1.;5.6.;6.3.;7.1.;8.5.;9.2.;10.7.;11.4.;12.2.,2,4
Teleki sor,-,-,-,-,0,2,1,4,3,1.7.;2.4.;3.4.;4.1.;5.6.;6.3.;7.1.;8.5.;9.2.;10.7.;11.4.;12.2.,2,4
Telepy György utca,-,-,-,-,0,4,1,2,3,1.8.;2.5.;3.5.;4.9.;5.7.;6.4.;7.2.;8.6.;9.3.;10.1.;11.5.;12.3.,2,2
Temes utca,-,-,-,-,0,1,2,2,3,1.6.;2.3.;3.3.;4.7.;5.5.;6.2.;7.7.;8.4.;9.1.;10.6.;11.3.;12.1.,1,2
Temesvári utca,-,-,-,-,0,5,2,4,3,1.7.;2.4.;3.4.;4.1.;5.6.;6.3.;7.1.;8.5.;9.2.;10.7.;11.4.;12.2.,1,4
Temetőalja utca,-,-,-,-,0,4,2,1,3,1.4.;2.1.;3.1.;4.12.;5.3.;6.7.;7.5.;8.2.;9.6.;10.4.;11.8.;12.6.,1,1
Templom tér,-,-,-,-,0,2,2,2,3,1.6.;2.3.;3.3.;4.7.;5.5.;6.2.;7.7.;8.4.;9.1.;10.6.;11.3.;12.1.,1,2
Templom utca,-,-,-,-,0,5,2,1,3,1.4.;2.1.;3.1.;4.12.;5.3.;6.7.;7.5.;8.2.;9.6.;10.4.;11.8.;12.6.,1,1
Templomhegy dűlő,-,-,-,-,0,4,2,1,-,-,1,1
Templomhegyi utca,-,-,-,-,0,4,1,4,3,1.4.;2.1.;3.1.;4.12.;5.3.;6.7.;7.5.;8.2.;9.6.;10.4.;11.8.;12.6.,2,4
Testvériség utca,-,-,-,-,0,5,2,4,3,1.12.;2.9.;3.9.;4.13.;5.11.;6.15.;7.13.;8.10.;9.14.;10.12.;11.9.;12.14.,1,4
Tetemvár alsósor,-,-,-,-,0,5,2,4,3,1.7.;2.4.;3.4.;4.1.;5.6.;6.3.;7.1.;8.5.;9.2.;10.7.;11.4.;12.2.,1,4
Tetemvár felsősor,-,-,-,-,0,5,2,4,3,1.7.;2.4.;3.4.;4.1.;5.6.;6.3.;7.1.;8.5.;9.2.;10.7.;11.4.;12.2.,1,4
Tetemvár középsor,-,-,-,-,0,5,2,4,3,1.7.;2.4.;3.4.;4.1.;5.6.;6.3.;7.1.;8.5.;9.2.;10.7.;11.4.;12.2.,1,4
Tetemvár sor,-,-,-,-,0,5,-,-,-,-,-,-
Tetemvár utca,-,-,-,-,0,5,-,-,-,-,-,-
Thaly Kálmán utca,-,-,-,-,0,4,2,3,3,1.5.;2.2.;3.2.;4.6.;5.4.;6.1.;7.6.;8.3.;9.7.;10.5.;11.2.;12.7.,1,3
Tímár Malom utca,-,-,-,-,0,2,1,4,3,1.12.;2.9.;3.9.;4.13.;5.11.;6.15.;7.13.;8.10.;9.14.;10.12.;11.9.;12.14.,2,4
Timár utca,-,-,-,-,0,5,2,3,3,1.5.;2.2.;3.2.;4.6.;5.4.;6.1.;7.6.;8.3.;9.7.;10.5.;11.2.;12.7.,1,3
Tinódi utca,-,-,-,-,0,4,2,4,3,1.13.;2.10.;3.10.;4.14.;5.12.;6.9.;7.14.;8.11.;9.8.;10.13.;11.10.;12.8.,1,4
Tisza utca,-,-,-,-,0,1,2,2,3,1.6.;2.3.;3.3.;4.7.;5.5.;6.2.;7.7.;8.4.;9.1.;10.6.;11.3.;12.1.,1,2
Tizedik utca,-,-,-,-,0,1,1,3,-,-,2,3
Tizenegyedik utca,-,-,-,-,0,1,-,-,-,-,-,-
Tokaji Ferenc utca,-,-,-,-,0,4,1,2,3,1.11.;2.8.;3.8.;4.19.;5.10.;6.14.;7.12.;8.9.;9.13.;10.11.;11.15.;12.13.,2,2
Toldi Miklós utca,-,-,-,-,0,4,2,4,3,1.13.;2.10.;3.10.;4.14.;5.12.;6.9.;7.14.;8.11.;9.8.;10.13.;11.10.;12.8.,1,4
Tompa Mihály utca,-,-,-,-,0,2,1,4,3,1.7.;2.4.;3.4.;4.1.;5.6.;6.3.;7.1.;8.5.;9.2.;10.7.;11.4.;12.2.,2,4
Tópart utca,-,-,-,-,0,1,1,2,3,1.11.;2.8.;3.8.;4.19.;5.10.;6.14.;7.12.;8.9.;9.13.;10.11.;11.15.;12.13.,2,2
Topiczer János utca,-,-,-,-,0,2,1,3,3,1.12.;2.9.;3.9.;4.13.;5.11.;6.15.;7.13.;8.10.;9.14.;10.12.;11.9.;12.14.,2,3
Tornai utca,-,-,-,-,0,4,2,3,3,1.5.;2.2.;3.2.;4.6.;5.4.;6.1.;7.6.;8.3.;9.7.;10.5.;11.2.;12.7.,1,3
Torontáli utca,-,-,-,-,0,5,1,4,3,1.12.;2.9.;3.9.;4.13.;5.11.;6.15.;7.13.;8.10.;9.14.;10.12.;11.9.;12.14.,2,4
"Toronyalja utca (4-30, 13-29, 49-63)",-,-,-,-,0,2,1,4,3,1.7.;2.4.;3.4.;4.1.;5.6.;6.3.;7.1.;8.5.;9.2.;10.7.;11.4.;12.2.,2,4
"Toronyalja utca (31-47, 65-87)",-,-,-,-,0,3,1,4,3,1.7.;2.4.;3.4.;4.1.;5.6.;6.3.;7.1.;8.5.;9.2.;10.7.;11.4.;12.2.,2,4
Tóth Árpád utca,-,-,-,-,0,4,1,2,3,1.8.;2.5.;3.5.;4.9.;5.7.;6.4.;7.2.;8.6.;9.3.;10.1.;11.5.;12.3.,2,2
Tóth Pál utca,-,-,-,-,0,1,2,2,3,1.6.;2.3.;3.3.;4.7.;5.5.;6.2.;7.7.;8.4.;9.1.;10.6.;11.3.;12.1.,1,2
Tóth sor,-,-,-,-,0,2,1,4,3,1.12.;2.9.;3.9.;4.13.;5.11.;6.15.;7.13.;8.10.;9.14.;10.12.;11.9.;12.14.,2,4
Töbrös utca,-,-,-,-,0,1,1,3,3,1.11.;2.8.;3.8.;4.19.;5.10.;6.14.;7.12.;8.9.;9.13.;10.11.;11.15.;12.13.,2,3
Tölgy utca,-,-,-,-,0,1,1,1,3,1.8.;2.5.;3.5.;4.9.;5.7.;6.4.;7.2.;8.6.;9.3.;10.1.;11.5.;12.3.,2,1
Tölgyesi utca,-,-,-,-,0,5,2,4,3,1.7.;2.4.;3.4.;4.1.;5.6.;6.3.;7.1.;8.5.;9.2.;10.7.;11.4.;12.2.,1,4
Töltés utca,-,-,-,-,0,5,2,1,3,1.4.;2.1.;3.1.;4.12.;5.3.;6.7.;7.5.;8.2.;9.6.;10.4.;11.8.;12.6.,1,1
Tömörkény István utca,-,-,-,-,0,4,1,2,3,1.8.;2.5.;3.5.;4.9.;5.7.;6.4.;7.2.;8.6.;9.3.;10.1.;11.5.;12.3.,2,2
Tömösi utca,-,-,-,-,0,5,2,4,3,1.7.;2.4.;3.4.;4.1.;5.6.;6.3.;7.1.;8.5.;9.2.;10.7.;11.4.;12.2.,1,4
Trencséni utca,-,-,-,-,0,1,2,3,3,1.5.;2.2.;3.2.;4.6.;5.4.;6.1.;7.6.;8.3.;9.7.;10.5.;11.2.;12.7.,1,3
Tulipán utca,-,-,-,-,0,2,1,4,3,1.7.;2.4.;3.4.;4.1.;5.6.;6.3.;7.1.;8.5.;9.2.;10.7.;11.4.;12.2.,2,4
Tücsök utca,-,-,-,-,0,4,2,1,3,1.4.;2.1.;3.1.;4.12.;5.3.;6.7.;7.5.;8.2.;9.6.;10.4.;11.8.;12.6.,1,1
Tüzér utca,-,-,-,-,0,5,2,4,3,1.7.;2.4.;3.4.;4.1.;5.6.;6.3.;7.1.;8.5.;9.2.;10.7.;11.4.;12.2.,1,4
Ucekaj dűlő,-,-,-,-,0,5,-,-,-,-,-,-
Új Élet utca,-,-,-,-,0,5,2,2,3,1.6.;2.3.;3.3.;4.7.;5.5.;6.2.;7.7.;8.4.;9.1.;10.6.;11.3.;12.1.,,2
Újítók utca,-,-,-,-,0,4,1,4,3,1.13.;2.10.;3.10.;4.14.;5.12.;6.9.;7.14.;8.11.;9.8.;10.13.;11.10.;12.8.,2,4
Újjáépítés utca,-,-,-,-,0,4,2,3,3,1.5.;2.2.;3.2.;4.6.;5.4.;6.1.;7.6.;8.3.;9.7.;10.5.;11.2.;12.7.,1,3
Újkert utca,-,-,-,-,0,5,2,2,3,1.6.;2.3.;3.3.;4.7.;5.5.;6.2.;7.7.;8.4.;9.1.;10.6.;11.3.;12.1.,,2
Ungvári utca,-,-,-,-,0,4,2,3,3,1.5.;2.2.;3.2.;4.6.;5.4.;6.1.;7.6.;8.3.;9.7.;10.5.;11.2.;12.7.,1,3
Üllő utca,-,-,-,-,0,4,1,2,3,1.11.;2.8.;3.8.;4.19.;5.10.;6.14.;7.12.;8.9.;9.13.;10.11.;11.15.;12.13.,2,2
Üteg utca,-,-,-,-,0,2,2,4,3,1.7.;2.4.;3.4.;4.1.;5.6.;6.3.;7.1.;8.5.;9.2.;10.7.;11.4.;12.2.,1,4
Váci Mihály utca,-,-,-,-,0,5,2,2,3,1.6.;2.3.;3.3.;4.7.;5.5.;6.2.;7.7.;8.4.;9.1.;10.6.;11.3.;12.1.,,2
Vadas Jenő utca,-,-,-,-,0,2,1,1,3,1.8.;2.5.;3.5.;4.9.;5.7.;6.4.;7.2.;8.6.;9.3.;10.1.;11.5.;12.3.,2,1
Vadász utca,-,-,-,-,0,2,1,3,3,1.12.;2.9.;3.9.;4.13.;5.11.;6.15.;7.13.;8.10.;9.14.;10.12.;11.9.;12.14.,2,3
Vadász-köz,-,-,-,-,0,5,1,3,3,1.12.;2.9.;3.9.;4.13.;5.11.;6.15.;7.13.;8.10.;9.14.;10.12.;11.9.;12.14.,2,3
Vadgalamb utca,-,-,-,-,0,1,2,3,3,1.5.;2.2.;3.2.;4.6.;5.4.;6.1.;7.6.;8.3.;9.7.;10.5.;11.2.;12.7.,1,3
Vadrózsa utca,-,-,-,-,0,1,2,1,3,1.4.;2.1.;3.1.;4.12.;5.3.;6.7.;7.5.;8.2.;9.6.;10.4.;11.8.;12.6.,1,1
Vágóhíd,-,-,-,-,0,5,-,-,3,1.6.;2.3.;3.3.;4.7.;5.5.;6.2.;7.7.;8.4.;9.1.;10.6.;11.3.;12.1.,-,-
Vájár utca,-,-,-,-,0,1,1,3,3,1.12.;2.9.;3.9.;4.13.;5.11.;6.15.;7.13.;8.10.;9.14.;10.12.;11.9.;12.14.,2,3
Vajda János utca,-,-,-,-,0,4,1,2,3,1.8.;2.5.;3.5.;4.9.;5.7.;6.4.;7.2.;8.6.;9.3.;10.1.;11.5.;12.3.,2,2
Váltó utca,-,-,-,-,0,1,-,-,-,-,-,-
Váncza Mihály utca,-,-,-,-,0,5,2,3,3,1.4.;2.1.;3.1.;4.12.;5.3.;6.7.;7.5.;8.2.;9.6.;10.4.;11.8.;12.6.,1,3
Vár utca,-,-,-,-,0,1,1,2,3,1.8.;2.5.;3.5.;4.9.;5.7.;6.4.;7.2.;8.6.;9.3.;10.1.;11.5.;12.3.,2,2
Váradi utca,-,-,-,-,0,4,2,3,3,1.5.;2.2.;3.2.;4.6.;5.4.;6.1.;7.6.;8.3.;9.7.;10.5.;11.2.;12.7.,1,3
Vargaoldal,-,-,-,-,0,3,1,2,3,1.5.;2.2.;3.2.;4.6.;5.4.;6.1.;7.6.;8.3.;9.7.;10.5.;11.2.;12.7.,2,2
Vas Gereben utca,-,-,-,-,0,4,1,2,3,1.8.;2.5.;3.5.;4.9.;5.7.;6.4.;7.2.;8.6.;9.3.;10.1.;11.5.;12.3.,2,2
Vas utca,-,-,-,-,0,2,1,4,3,1.13.;2.10.;3.10.;4.14.;5.12.;6.9.;7.14.;8.11.;9.8.;10.13.;11.10.;12.8.,2,4
Vásárhelyi István utca,-,-,-,-,0,1,1,1,3,1.8.;2.5.;3.5.;4.9.;5.7.;6.4.;7.2.;8.6.;9.3.;10.1.;11.5.;12.3.,2,1
Vásárhelyi Pál utca,-,-,-,-,0,5,2,4,3,1.7.;2.4.;3.4.;4.1.;5.6.;6.3.;7.1.;8.5.;9.2.;10.7.;11.4.;12.2.,1,4
Vásártéri utca,-,-,-,-,0,5,2,4,-,-,1,4
Vasgyári út,-,-,-,-,0,2,1,3,3,1.12.;2.9.;3.9.;4.13.;5.11.;6.15.;7.13.;8.10.;9.14.;10.12.;11.9.;12.14.,2,3
Vasöntő utca,-,-,-,-,0,3,1,2,3,1.5.;2.2.;3.2.;4.6.;5.4.;6.1.;7.6.;8.3.;9.7.;10.5.;11.2.;12.7.,2,2
Vasút utca,-,-,-,-,0,2,1,3,3,1.12.;2.9.;3.9.;4.13.;5.11.;6.15.;7.13.;8.10.;9.14.;10.12.;11.9.;12.14.,2,3
Vasvári Pál utca,-,-,-,-,0,5,2,3,3,1.4.;2.1.;3.1.;4.12.;5.3.;6.7.;7.5.;8.2.;9.6.;10.4.;11.8.;12.6.,1,3
Vasverő utca,-,-,-,-,0,1,1,1,3,1.8.;2.5.;3.5.;4.9.;5.7.;6.4.;7.2.;8.6.;9.3.;10.1.;11.5.;12.3.,2,1
Vécsey Károly utca,-,-,-,-,0,5,2,3,3,1.4.;2.1.;3.1.;4.12.;5.3.;6.7.;7.5.;8.2.;9.6.;10.4.;11.8.;12.6.,1,3
Velence utca,-,-,-,-,0,1,2,2,3,1.6.;2.3.;3.3.;4.7.;5.5.;6.2.;7.7.;8.4.;9.1.;10.6.;11.3.;12.1.,1,2
Vereckei utca,-,-,-,-,0,5,2,4,3,1.7.;2.4.;3.4.;4.1.;5.6.;6.3.;7.1.;8.5.;9.2.;10.7.;11.4.;12.2.,1,4
Verne Gyula utca,-,-,-,-,0,4,2,3,3,1.5.;2.2.;3.2.;4.6.;5.4.;6.1.;7.6.;8.3.;9.7.;10.5.;11.2.;12.7.,1,3
Verseny utca,-,-,-,-,0,4,1,2,3,1.11.;2.8.;3.8.;4.19.;5.10.;6.14.;7.12.;8.9.;9.13.;10.11.;11.15.;12.13.,2,2
Vezér utca,-,-,-,-,0,5,2,3,3,1.4.;2.1.;3.1.;4.12.;5.3.;6.7.;7.5.;8.2.;9.6.;10.4.;11.8.;12.6.,1,3
Vikend telep,-,-,-,-,0,5,2,4,3,1.7.;2.4.;3.4.;4.1.;5.6.;6.3.;7.1.;8.5.;9.2.;10.7.;11.4.;12.2.,1,4
Világ utca,-,-,-,-,0,5,2,1,3,1.5.;2.2.;3.2.;4.6.;5.4.;6.1.;7.6.;8.3.;9.7.;10.5.;11.2.;12.7.,1,1
Vince utca,-,-,-,-,0,4,1,2,3,1.8.;2.5.;3.5.;4.9.;5.7.;6.4.;7.2.;8.6.;9.3.;10.1.;11.5.;12.3.,2,2
Viola utca,-,-,-,-,0,4,2,3,3,1.5.;2.2.;3.2.;4.6.;5.4.;6.1.;7.6.;8.3.;9.7.;10.5.;11.2.;12.7.,1,3
Visó köz,-,-,-,-,0,1,2,2,3,1.6.;2.3.;3.3.;4.7.;5.5.;6.2.;7.7.;8.4.;9.1.;10.6.;11.3.;12.1.,1,2
Visó utca,-,-,-,-,0,1,2,2,3,1.6.;2.3.;3.3.;4.7.;5.5.;6.2.;7.7.;8.4.;9.1.;10.6.;11.3.;12.1.,1,2
Vizirózsa utca,-,-,-,-,0,2,2,1,3,1.4.;2.1.;3.1.;4.12.;5.3.;6.7.;7.5.;8.2.;9.6.;10.4.;11.8.;12.6.,1,1
Vörös Bérc utca,-,-,-,-,0,1,1,3,3,1.8.;2.5.;3.5.;4.9.;5.7.;6.4.;7.2.;8.6.;9.3.;10.1.;11.5.;12.3.,2,3
Vörös utca,-,-,-,-,0,4,1,2,3,1.8.;2.5.;3.5.;4.9.;5.7.;6.4.;7.2.;8.6.;9.3.;10.1.;11.5.;12.3.,2,2
Vörösmarty Mihály utca,-,-,-,-,0,1,2,4,3,1.7.;2.4.;3.4.;4.1.;5.6.;6.3.;7.1.;8.5.;9.2.;10.7.;11.4.;12.2.,1,4
Wesselényi Miklós utca,-,-,-,-,0,2,1,4,3,1.12.;2.9.;3.9.;4.13.;5.11.;6.15.;7.13.;8.10.;9.14.;10.12.;11.9.;12.14.,2,4
Zagyva utca,-,-,-,-,0,2,2,2,3,1.6.;2.3.;3.3.;4.7.;5.5.;6.2.;7.7.;8.4.;9.1.;10.6.;11.3.;12.1.,1,2
Zala utca,-,-,-,-,0,1,2,2,3,1.6.;2.3.;3.3.;4.7.;5.5.;6.2.;7.7.;8.4.;9.1.;10.6.;11.3.;12.1.,1,2
Zárda utca,-,-,-,-,0,1,2,3,3,1.5.;2.2.;3.2.;4.6.;5.4.;6.1.;7.6.;8.3.;9.7.;10.5.;11.2.;12.7.,1,3
Zászló utca,-,-,-,-,0,1,2,1,3,1.4.;2.1.;3.1.;4.12.;5.3.;6.7.;7.5.;8.2.;9.6.;10.4.;11.8.;12.6.,1,1
Zempléni utca,-,-,-,-,0,4,2,3,3,1.5.;2.2.;3.2.;4.6.;5.4.;6.1.;7.6.;8.3.;9.7.;10.5.;11.2.;12.7.,1,3
Zenta utca,-,-,-,-,0,4,1,2,3,1.8.;2.5.;3.5.;4.9.;5.7.;6.4.;7.2.;8.6.;9.3.;10.1.;11.5.;12.3.,2,2
Zielinsky Szilárd utca,-,-,-,-,0,5,2,4,3,1.7.;2.4.;3.4.;4.1.;5.6.;6.3.;7.1.;8.5.;9.2.;10.7.;11.4.;12.2.,1,4
Zilahi utca,-,-,-,-,0,4,2,3,3,1.5.;2.2.;3.2.;4.6.;5.4.;6.1.;7.6.;8.3.;9.7.;10.5.;11.2.;12.7.,1,3
Zoltán utca,-,-,-,-,0,4,1,4,3,1.13.;2.10.;3.10.;4.14.;5.12.;6.9.;7.14.;8.11.;9.8.;10.13.;11.10.;12.8.,2,4
Zólyomi utca,-,-,-,-,0,4,2,3,3,1.5.;2.2.;3.2.;4.6.;5.4.;6.1.;7.6.;8.3.;9.7.;10.5.;11.2.;12.7.,1,3
Zombori utca,-,-,-,-,0,5,2,4,3,1.7.;2.4.;3.4.;4.1.;5.6.;6.3.;7.1.;8.5.;9.2.;10.7.;11.4.;12.2.,1,4
Zrínyi Ilona utca,-,-,-,-,0,5,2,3,3,1.5.;2.2.;3.2.;4.6.;5.4.;6.1.;7.6.;8.3.;9.7.;10.5.;11.2.;12.7.,1,3
Zsedényi Béla utca,-,-,-,-,0,2,2,2,3,1.6.;2.3.;3.3.;4.7.;5.5.;6.2.;7.7.;8.4.;9.1.;10.6.;11.3.;12.1.,1,2
Zsigmondy Vilmos utca,-,-,-,-,0,5,2,4,3,1.7.;2.4.;3.4.;4.1.;5.6.;6.3.;7.1.;8.5.;9.2.;10.7.;11.4.;12.2.,1,4
Zsolcai kapu,-,-,-,-,0,5,2,4,3,1.7.;2.4.;3.4.;4.1.;5.6.;6.3.;7.1.;8.5.;9.2.;10.7.;11.4.;12.2.,1,4
